Crime ID,Month,Reported by,Falls within,Longitude,Latitude,Location,LSOA code,LSOA name,Outcome type
48c3fddd61d866d9e162d831617b2505007b668b1727c0c7d167219c54fab354,2025-06,City of London Police,City of London Police,-0.102134,51.513929,On or near Ludgate Hill,E01032739,City of London 001F,Suspect charged
80cb06cc4af6cabab1b9422f0c3331b86ae3384e4c05cd01465707d129b4d207,2025-06,City of London Police,City of London Police,,,No location,,,Investigation complete; no suspect identified
cb176b78d29402df1e40980d7e5056b3645c90b8a5632a6d9bce4ceb8de9bfda,2025-06,City of London Police,City of London Police,,,No location,,,Investigation complete; no suspect identified
5cf291a2e65ebe29b78c4c51e4f81c9d6b3ed31e1691288a90b15f065024410b,2025-06,City of London Police,City of London Police,-0.075922,51.515894,On or near New Goulston Street,E01000005,City of London 001E,Investigation complete; no suspect identified
0605b1449ee3e4542fb55e8085968e9a20c4cdd9b18bbbb6a3237cfab126f4eb,2025-06,City of London Police,City of London Police,-0.082993,51.516360,On or near Wormwood Street,E01032739,City of London 001F,Suspect charged
37c029158c22306a3219eeca1ec72baf5d2565e29194e3251ae76c29d64d4d5a,2025-06,City of London Police,City of London Police,-0.101292,51.514770,On or near Amen Court,E01032739,City of London 001F,Suspect charged
36fddcc180f67be598ce4a3485328159736eae5868900f657e2e224a307c8fc8,2025-06,City of London Police,City of London Police,-0.082993,51.516360,On or near Wormwood Street,E01032739,City of London 001F,Local resolution
3e3c13464e12724a5209a6a1032433273880197398ef7099afe741f696f53fad,2025-06,City of London Police,City of London Police,-0.101292,51.514770,On or near Amen Court,E01032739,City of London 001F,Offender given a caution
3e3c13464e12724a5209a6a1032433273880197398ef7099afe741f696f53fad,2025-06,City of London Police,City of London Police,-0.101292,51.514770,On or near Amen Court,E01032739,City of London 001F,Offender given a caution
31680140f0733231254d2e64c31472cedcb52511e73cebb861ee3e8b3ced0a89,2025-06,City of London Police,City of London Police,-0.081113,51.516869,On or near Bishopsgate,E01032739,City of London 001F,Suspect charged
31680140f0733231254d2e64c31472cedcb52511e73cebb861ee3e8b3ced0a89,2025-06,City of London Police,City of London Police,-0.081113,51.516869,On or near Bishopsgate,E01032739,City of London 001F,Suspect charged
bfe87bd869526455079018486fdc8330170c622267b438b8903bfceb760b985c,2025-06,City of London Police,City of London Police,-0.095224,51.513736,On or near Shopping Area,E01032739,City of London 001F,Unable to prosecute suspect
a59944263aa7924c091a805bd42d7f578b8eeb791b31eca704aaea953b2fd5e6,2025-06,City of London Police,City of London Police,-0.075453,51.511965,On or near Minories,E01000005,City of London 001E,Unable to prosecute suspect
25fcb30b79709fd95c12b99370e41ffda61b3f9240a8c87354d4362176501690,2025-06,City of London Police,City of London Police,-0.095764,51.512549,On or near Friday Street,E01032739,City of London 001F,Suspect charged
194b4f4cad0decbc4ec7a40edb6fd4830d5fc1aa58806012b0f400864b22f4b0,2025-06,City of London Police,City of London Police,-0.079907,51.517785,On or near Victoria Avenue,E01032739,City of London 001F,Suspect charged
51fe14f30d198d1ad8b746f2afe26190bd138608a4c82b1b4c29f73b93ef8e0f,2025-06,City of London Police,City of London Police,-0.075080,51.512625,On or near St Clare Street,E01000005,City of London 001E,Suspect charged
af907227ec85316b87839fcdc63a630eca476e486c4c59a33fd25f64c5091047,2025-06,City of London Police,City of London Police,-0.079907,51.517785,On or near Victoria Avenue,E01032739,City of London 001F,Suspect charged
fb10be50533ae34a632eed3272651bdb809875da5c66394b5695bd4df3b05d5d,2025-06,City of London Police,City of London Police,-0.077511,51.515812,On or near Artizan Street,E01000005,City of London 001E,Suspect charged
82e3b7e26f69a7c3d5ae5870cb8b7bd19c7d7a700603bae1c2fdb5651ad65c7e,2025-06,City of London Police,City of London Police,-0.079907,51.517785,On or near Victoria Avenue,E01032739,City of London 001F,Suspect charged
19f8a46581d7c6665c7b45010dedaef9c88377539705bbb014991f8c992efdeb,2025-06,City of London Police,City of London Police,-0.074330,51.513647,On or near Little Somerset Street,E01000005,City of London 001E,Suspect charged
0e52ef685b177dccad8017f5a035c35dca2d19afa9a477c70f93650e16e883db,2025-06,City of London Police,City of London Police,-0.081113,51.516869,On or near Bishopsgate,E01032739,City of London 001F,Suspect charged
4e0887b9e6d1271c09722904f19f38008afe18ad723f3afe0346d6ba8fdf8225,2025-06,City of London Police,City of London Police,-0.081113,51.516869,On or near Bishopsgate,E01032739,City of London 001F,Suspect charged
58d0d008b0b17fb0ef997b5c2e3d010e1389e23daac8286a77ead08cc37e6e05,2025-06,City of London Police,City of London Police,-0.095224,51.513736,On or near Shopping Area,E01032739,City of London 001F,Local resolution
4bd12a8239f91d262e1d7ded76dee1f05cdb8b8fd74904d8477e3d6b1f2915ad,2025-06,City of London Police,City of London Police,-0.105909,51.513262,On or near Dorset Buildings,E01032740,City of London 001G,Offender given a caution
90c4cb5b4e982caf456d0bf625c253dd8289dd1b8fdd52692265ae73949a15a9,2025-06,City of London Police,City of London Police,-0.099803,51.519026,On or near Cloth Fair,E01032740,City of London 001G,Investigation complete; no suspect identified
90c4cb5b4e982caf456d0bf625c253dd8289dd1b8fdd52692265ae73949a15a9,2025-06,City of London Police,City of London Police,-0.099803,51.519026,On or near Cloth Fair,E01032740,City of London 001G,Investigation complete; no suspect identified
9b9dc084d9a0674d537a2cb706aa49ce13ae84baf7cfd1aeb419047cc99e0e8f,2025-06,City of London Police,City of London Police,-0.086019,51.513631,On or near Finch Lane,E01032739,City of London 001F,Suspect charged
dc980cbd58482176c1ef3167f634862022e8d8f22d934cd6a1ec37092d337724,2025-06,City of London Police,City of London Police,-0.101359,51.518700,On or near Parking Area,E01032740,City of London 001G,Suspect charged
65d9b5bc4a85db37f18ac7ccf3be6868a5856f0f9c4f2d507d7d4342bf48afee,2025-06,City of London Police,City of London Police,-0.097291,51.514626,On or near Supermarket,E01032739,City of London 001F,Unable to prosecute suspect
9e4bbbecbae4a480093c73d665aa2cc3a626bc4ca7b0f21107d46e3fd10de4de,2025-06,City of London Police,City of London Police,-0.085228,51.511190,On or near Talbot Court,E01032739,City of London 001F,Suspect charged
9e4bbbecbae4a480093c73d665aa2cc3a626bc4ca7b0f21107d46e3fd10de4de,2025-06,City of London Police,City of London Police,-0.085228,51.511190,On or near Talbot Court,E01032739,City of London 001F,Suspect charged
9e4bbbecbae4a480093c73d665aa2cc3a626bc4ca7b0f21107d46e3fd10de4de,2025-06,City of London Police,City of London Police,-0.085228,51.511190,On or near Talbot Court,E01032739,City of London 001F,Suspect charged
362e1cc8338654a8cc83d770e8c181b028b513ff6ceea5cfe5564c343e9060a9,2025-06,City of London Police,City of London Police,-0.085228,51.511190,On or near Talbot Court,E01032739,City of London 001F,Suspect charged
362e1cc8338654a8cc83d770e8c181b028b513ff6ceea5cfe5564c343e9060a9,2025-06,City of London Police,City of London Police,-0.085228,51.511190,On or near Talbot Court,E01032739,City of London 001F,Suspect charged
362e1cc8338654a8cc83d770e8c181b028b513ff6ceea5cfe5564c343e9060a9,2025-06,City of London Police,City of London Police,-0.085228,51.511190,On or near Talbot Court,E01032739,City of London 001F,Suspect charged
17034c843eebd22b58eadb170e581fc1642e286715693300bfadf278f86d7435,2025-06,City of London Police,City of London Police,-0.077563,51.517656,On or near Sandy's Row,E01032739,City of London 001F,Local resolution
0b34973d07b95de0df3ef746f491149a078c19b89e10a30151788fa2195ce623,2025-06,City of London Police,City of London Police,-0.083349,51.514830,On or near Shopping Area,E01032739,City of London 001F,Suspect charged
7eaf63be7e20b7c7fed261ce374a3bd6fa392beadab26ea0bd1906c01f0c6abe,2025-06,City of London Police,City of London Police,-0.087157,51.512624,On or near Lombard Street,E01032739,City of London 001F,Suspect charged
7eaf63be7e20b7c7fed261ce374a3bd6fa392beadab26ea0bd1906c01f0c6abe,2025-06,City of London Police,City of London Police,-0.087157,51.512624,On or near Lombard Street,E01032739,City of London 001F,Suspect charged
447c8883eb84d70b3e438dc24d684fc6d4faa902c97820cdf7334ba23e9abbc6,2025-06,City of London Police,City of London Police,-0.081113,51.516869,On or near Bishopsgate,E01032739,City of London 001F,Local resolution
b2a0aab1815abedd0c9dcb63addf9cc95667ea9bba3d947e11f78d8f8fa9c89b,2025-06,City of London Police,City of London Police,-0.077407,51.516215,On or near Harrow Place,E01000005,City of London 001E,Local resolution
9389792c73bd0e547cc378996acdc62302e6b59dd1d69a5f326a0067178b0637,2025-06,City of London Police,City of London Police,-0.079521,51.511196,On or near New London Street,E01032739,City of London 001F,Suspect charged
9389792c73bd0e547cc378996acdc62302e6b59dd1d69a5f326a0067178b0637,2025-06,City of London Police,City of London Police,-0.079521,51.511196,On or near New London Street,E01032739,City of London 001F,Suspect charged
e742d9258d3a1c8c73ddc665289c60c5cc3e5c5b456f8c5d21579eb4fdea0029,2025-06,City of London Police,City of London Police,-0.085089,51.512105,On or near Gracechurch Street,E01032739,City of London 001F,Further action is not in the public interest
39ae28106e513daa9aff7dd69d8ef5636677d064d9ed680eac0c5a88cdeca342,2025-06,City of London Police,City of London Police,-0.084844,51.510725,On or near Eastcheap,E01032739,City of London 001F,Suspect charged
dbb47583fb49b300bff85596e887442c0b0d21955c38e22269f5adf8e36749ac,2025-06,City of London Police,City of London Police,-0.081902,51.517296,On or near Liverpool Street,E01032739,City of London 001F,Suspect charged
dbb47583fb49b300bff85596e887442c0b0d21955c38e22269f5adf8e36749ac,2025-06,City of London Police,City of London Police,-0.081902,51.517296,On or near Liverpool Street,E01032739,City of London 001F,Suspect charged
d8580b3e2e6f43287b6a103a1bae3498afeaf9ff3822b3d5162b77833639b73c,2025-06,City of London Police,City of London Police,-0.083977,51.510441,On or near Lovat Lane,E01032739,City of London 001F,Suspect charged
d8580b3e2e6f43287b6a103a1bae3498afeaf9ff3822b3d5162b77833639b73c,2025-06,City of London Police,City of London Police,-0.083977,51.510441,On or near Lovat Lane,E01032739,City of London 001F,Suspect charged
fdcef081722f88605add1a6d0396fa3d7da6afd6edbbb111892173fff0beb98a,2025-06,City of London Police,City of London Police,-0.108027,51.511884,On or near Temple Avenue,E01032740,City of London 001G,Suspect charged
c851949896f576d7fa2702490b177f967293110816d9bc752b81e188066d3cf8,2025-06,City of London Police,City of London Police,-0.084754,51.512882,On or near Corbet Court,E01032739,City of London 001F,Suspect charged
5494c563a1ecf606fb486ad69f5956148e878b14a4bb53f27db48936597f8d46,2025-06,City of London Police,City of London Police,-0.084754,51.512882,On or near Corbet Court,E01032739,City of London 001F,Suspect charged
a0ae0ed872b1825d5fd65477e5161e81a36b41d0a7c1cd5298b5b4f6ce0b1b4a,2025-06,City of London Police,City of London Police,-0.078278,51.513666,On or near Mitre Street,E01032739,City of London 001F,Suspect charged
a0ae0ed872b1825d5fd65477e5161e81a36b41d0a7c1cd5298b5b4f6ce0b1b4a,2025-06,City of London Police,City of London Police,-0.078278,51.513666,On or near Mitre Street,E01032739,City of London 001F,Suspect charged
a0ae0ed872b1825d5fd65477e5161e81a36b41d0a7c1cd5298b5b4f6ce0b1b4a,2025-06,City of London Police,City of London Police,-0.078278,51.513666,On or near Mitre Street,E01032739,City of London 001F,Suspect charged
47f8ad045a9bf72ce28b83f9bb06ca088bafe3cb48157fce73f4096289f1c91b,2025-06,City of London Police,City of London Police,-0.084844,51.510725,On or near Eastcheap,E01032739,City of London 001F,Suspect charged
5c356df8200de4c771a4125224c86055947c81c7e5c4b4575289d6d45c35c57a,2025-06,City of London Police,City of London Police,-0.078783,51.515383,On or near Houndsditch,E01000005,City of London 001E,Suspect charged
297eccae9be10c9de4720f18f9f401f210592a7df108c160624a0a588dd90bf2,2025-06,City of London Police,City of London Police,-0.090553,51.518948,On or near Moor Lane,E01000002,City of London 001B,Suspect charged
58317126cf9e21b7ca20d8c68fcf7385a61a9311b040eb128867898385dd7377,2025-06,City of London Police,City of London Police,-0.088785,51.517102,On or near Moorgate,E01032739,City of London 001F,Suspect charged
847a5f19d3f64d43e93498f74820aa261977d243a49823a42f42354ba768eba9,2025-06,City of London Police,City of London Police,-0.079907,51.517785,On or near Victoria Avenue,E01032739,City of London 001F,Suspect charged
5d15b4f64e9693911bfaa3442c0036607c3e676e193922b951e3fff96cbb2163,2025-06,City of London Police,City of London Police,-0.101292,51.514770,On or near Amen Court,E01032739,City of London 001F,Unable to prosecute suspect
8c6cb1e07beab7485c766a4d687837b429569d5eb114b97c88753b872c7ade85,2025-06,City of London Police,City of London Police,-0.099803,51.519026,On or near Cloth Fair,E01032740,City of London 001G,Suspect charged
8c6cb1e07beab7485c766a4d687837b429569d5eb114b97c88753b872c7ade85,2025-06,City of London Police,City of London Police,-0.099803,51.519026,On or near Cloth Fair,E01032740,City of London 001G,Suspect charged
8c6cb1e07beab7485c766a4d687837b429569d5eb114b97c88753b872c7ade85,2025-06,City of London Police,City of London Police,-0.099803,51.519026,On or near Cloth Fair,E01032740,City of London 001G,Suspect charged
8c6cb1e07beab7485c766a4d687837b429569d5eb114b97c88753b872c7ade85,2025-06,City of London Police,City of London Police,-0.099803,51.519026,On or near Cloth Fair,E01032740,City of London 001G,Suspect charged
9b7f4790a28943a5795dc78931f266468c02bacf039bdd7b4a7b3a5ad4074c23,2025-06,City of London Police,City of London Police,,,No location,,,Suspect charged
aedbb4f987e95014a7cb8a803a7f875c7d26b353e64a285d3c712c8dc2bd8d3f,2025-06,City of London Police,City of London Police,-0.079120,51.514912,On or near Bevis Marks,E01032739,City of London 001F,Suspect charged
9dfc1f293f701c8520039e41a3743bf8d4e010921327779da08458711c1a9e3a,2025-06,City of London Police,City of London Police,-0.079120,51.514912,On or near Bevis Marks,E01032739,City of London 001F,Suspect charged
1f5aa035c0918cbc6c12663728bf96b66fdb1af51d1342b984bd3bd01b3353bf,2025-06,City of London Police,City of London Police,-0.079120,51.514912,On or near Bevis Marks,E01032739,City of London 001F,Suspect charged
c03c7adcc9597ae6a8d67de85b93ac566578db5d416cba95481b76c0ed49220a,2025-06,City of London Police,City of London Police,-0.081902,51.517296,On or near Liverpool Street,E01032739,City of London 001F,Suspect charged
c03c7adcc9597ae6a8d67de85b93ac566578db5d416cba95481b76c0ed49220a,2025-06,City of London Police,City of London Police,-0.081902,51.517296,On or near Liverpool Street,E01032739,City of London 001F,Suspect charged
1a472dee985cd28a53c00b7e5d73cf5b97ee689bec77df301aaff078583e7748,2025-06,City of London Police,City of London Police,-0.079907,51.517785,On or near Victoria Avenue,E01032739,City of London 001F,Suspect charged
0a93102add5db989e3d056f380191f4f21ba1da16a6c136d6563e87ab04123ad,2025-06,City of London Police,City of London Police,-0.090553,51.518948,On or near Moor Lane,E01000002,City of London 001B,Suspect charged
bbf06b7d5007a32ed900fbd7c251ebd8aea3ee4964f1afde14f4a09466e9879a,2025-06,City of London Police,City of London Police,-0.094070,51.513079,On or near Watling Street,E01032739,City of London 001F,Suspect charged
d9836cc439921a578075f715ad9772429cc2b8d866448966668cfb648a6b43f9,2025-06,City of London Police,City of London Police,-0.081512,51.518692,On or near London Liverpool Street,E01032739,City of London 001F,Local resolution
707b6c2e641d1b58686910b124379d451390e0d5778912b54f2979ec3c01825c,2025-06,City of London Police,City of London Police,-0.081643,51.510070,On or near Great Tower Street,E01032739,City of London 001F,Suspect charged
48c3fddd61d866d9e162d831617b2505007b668b1727c0c7d167219c54fab354,2025-06,City of London Police,City of London Police,-0.102134,51.513929,On or near Ludgate Hill,E01032739,City of London 001F,Suspect charged
0605b1449ee3e4542fb55e8085968e9a20c4cdd9b18bbbb6a3237cfab126f4eb,2025-06,City of London Police,City of London Police,-0.082993,51.516360,On or near Wormwood Street,E01032739,City of London 001F,Suspect charged
2d191a270020374dfff50e1e5d3e7ec5c18c3a1e52da516e1a94f3d7d6615827,2025-06,City of London Police,City of London Police,-0.102812,51.517051,On or near Police Station,E01032740,City of London 001G,Unable to prosecute suspect
21df332fb580c863d3a40d7677448863440e6c6e53529824b0c4f841712448eb,2025-06,City of London Police,City of London Police,-0.108450,51.514202,On or near Fleet Street,E01032740,City of London 001G,Formal action is not in the public interest
37c029158c22306a3219eeca1ec72baf5d2565e29194e3251ae76c29d64d4d5a,2025-06,City of London Police,City of London Police,-0.101292,51.514770,On or near Amen Court,E01032739,City of London 001F,Suspect charged
36fddcc180f67be598ce4a3485328159736eae5868900f657e2e224a307c8fc8,2025-06,City of London Police,City of London Police,-0.082993,51.516360,On or near Wormwood Street,E01032739,City of London 001F,Local resolution
41f0b0f1f619cbc87a2e2e7940d5be4c31557dba1624f058b660de98bf1c633f,2025-06,City of London Police,City of London Police,-0.087873,51.516503,On or near Langthorn Court,E01032739,City of London 001F,Unable to prosecute suspect
3e3c13464e12724a5209a6a1032433273880197398ef7099afe741f696f53fad,2025-06,City of London Police,City of London Police,-0.101292,51.514770,On or near Amen Court,E01032739,City of London 001F,Offender given a caution
d7a36a9331c2f6ae23549b40365c8140052c723dfcbd83cc531688514eb6debe,2025-06,City of London Police,City of London Police,,,No location,,,Unable to prosecute suspect
6bb7f66df3e86111995292ade976991f6260464767a71c5c1dd84ac5b5ecf80f,2025-06,City of London Police,City of London Police,,,No location,,,Further action is not in the public interest
7f0fb9bf21b58012484eba6834e5d67899fbe7bc0f6325bfbaacc76ec921dcf7,2025-06,City of London Police,City of London Police,-0.079196,51.513789,On or near Creechurch Lane,E01032739,City of London 001F,Unable to prosecute suspect
31680140f0733231254d2e64c31472cedcb52511e73cebb861ee3e8b3ced0a89,2025-06,City of London Police,City of London Police,-0.081113,51.516869,On or near Bishopsgate,E01032739,City of London 001F,Suspect charged
38555e60baa2a4f3ef71180e9bc8ef426366b57801bc22f74902ed39a13e9d2a,2025-06,City of London Police,City of London Police,-0.081902,51.517296,On or near Liverpool Street,E01032739,City of London 001F,Unable to prosecute suspect
eaec7ba1838a7f8efcde423cd7879eee45375dc8b0882dc797b2d4ac59f44401,2025-06,City of London Police,City of London Police,-0.083977,51.510441,On or near Lovat Lane,E01032739,City of London 001F,Investigation complete; no suspect identified
bfe87bd869526455079018486fdc8330170c622267b438b8903bfceb760b985c,2025-06,City of London Police,City of London Police,-0.095224,51.513736,On or near Shopping Area,E01032739,City of London 001F,Unable to prosecute suspect
27dc8ebf077ab924ca12e9f186269c559bb2103b37ae031bc3e8f758cc174459,2025-06,City of London Police,City of London Police,-0.083349,51.514830,On or near Shopping Area,E01032739,City of London 001F,Unable to prosecute suspect
a59944263aa7924c091a805bd42d7f578b8eeb791b31eca704aaea953b2fd5e6,2025-06,City of London Police,City of London Police,-0.075453,51.511965,On or near Minories,E01000005,City of London 001E,Unable to prosecute suspect
9086555616e57885e32f18acce7e1ac12c78a3be34e988312ef1136a9c826ce3,2025-06,City of London Police,City of London Police,-0.088785,51.517102,On or near Moorgate,E01032739,City of London 001F,Unable to prosecute suspect
ffe28e0303fc51b55cc44460934d62ac0b2082fb5fc32ba1bfe19f7c5c913c9b,2025-06,City of London Police,City of London Police,-0.079138,51.508312,On or near Lower Thames Street,E01032739,City of London 001F,Unable to prosecute suspect
dc3ae36c779e09b4b16a845211119463da16436c4c4d2dc306cf748feb55dc89,2025-06,City of London Police,City of London Police,-0.081113,51.516869,On or near Bishopsgate,E01032739,City of London 001F,Unable to prosecute suspect
cf585fc5ee4ca77c796431b479f44b60c93afcae1194d8c1a0a2faa1fcaac697,2025-06,City of London Police,City of London Police,-0.081113,51.516869,On or near Bishopsgate,E01032739,City of London 001F,Unable to prosecute suspect
b602d24144219ceb6251e8bdd4aafc9603b8948121bcafa1750d0add748b9773,2025-06,City of London Police,City of London Police,-0.084754,51.512882,On or near Corbet Court,E01032739,City of London 001F,Formal action is not in the public interest
80bb4bcea6e486e7eee48272e93eac9297f9446c55746ea528992792f3eacf36,2025-06,City of London Police,City of London Police,,,No location,,,Unable to prosecute suspect
bbb9dd14765b4d8fa966344e5f8f172df50bf5a5b84d95bcb67a5237d5ad82df,2025-06,City of London Police,City of London Police,-0.083977,51.510441,On or near Lovat Lane,E01032739,City of London 001F,Unable to prosecute suspect
25fcb30b79709fd95c12b99370e41ffda61b3f9240a8c87354d4362176501690,2025-06,City of London Police,City of London Police,-0.095764,51.512549,On or near Friday Street,E01032739,City of London 001F,Suspect charged
194b4f4cad0decbc4ec7a40edb6fd4830d5fc1aa58806012b0f400864b22f4b0,2025-06,City of London Police,City of London Police,-0.079907,51.517785,On or near Victoria Avenue,E01032739,City of London 001F,Suspect charged
e3fa58b06040dc5af5fe87199bf9f278cfe2357b7adb8a00c2ed952982dfe273,2025-06,City of London Police,City of London Police,-0.081113,51.516869,On or near Bishopsgate,E01032739,City of London 001F,Investigation complete; no suspect identified
f7f6e776e91626a6a74309bb75cf8edc968a6a8cbe1cbc760c02f18c51cc9832,2025-06,City of London Police,City of London Police,,,No location,,,Investigation complete; no suspect identified
93b1c728f2e6737c5bf0e423491164c38d04e86a3802100c9f3972ccb2e11523,2025-06,City of London Police,City of London Police,,,No location,,,Unable to prosecute suspect
d5d651d940f785d6c9aa66d76d3263ee86e4b5d9b76508617690045c266dafd7,2025-06,City of London Police,City of London Police,-0.101906,51.511794,On or near Theatre/Concert Hall,E01032739,City of London 001F,Unable to prosecute suspect
fb3f68ecb7465e0da3ca96a7aaa9dd02cd79bfca1dfb3b2b04b31ccd8b5aa757,2025-06,City of London Police,City of London Police,-0.101906,51.511794,On or near Theatre/Concert Hall,E01032739,City of London 001F,Investigation complete; no suspect identified
1f94ccca353e9ae54f24fe613ab68104403bd69926fff1828077c29dc030120e,2025-06,City of London Police,City of London Police,-0.102726,51.513911,On or near Pageantmaster Court,E01032740,City of London 001G,Investigation complete; no suspect identified
ac50ec730edd483c8d123afb155b3adcd12b846d674394a008ed5dd8853902d8,2025-06,City of London Police,City of London Police,-0.101906,51.511794,On or near Theatre/Concert Hall,E01032739,City of London 001F,Investigation complete; no suspect identified
e190d6b1a677898e6ac32304e5810d4dc155f8bbdbd7e7fb9b037bab00b201c1,2025-06,City of London Police,City of London Police,-0.096501,51.513874,On or near New Change,E01032739,City of London 001F,Unable to prosecute suspect
be76f44358e2c05898da0acef242a23ce75f12d7a0d58bebe883ea781486024a,2025-06,City of London Police,City of London Police,-0.101359,51.518700,On or near Parking Area,E01032740,City of London 001G,Unable to prosecute suspect
951d291d60d4b4dac0343ff4922255082b4c68fa06d17d561b2dd20861e468b2,2025-06,City of London Police,City of London Police,-0.087772,51.510665,On or near Martin Lane,E01032739,City of London 001F,Investigation complete; no suspect identified
3ee9b92c012431cb58d1d736241a845ae1692efd07d8ed72964b38e71bbb81d5,2025-06,City of London Police,City of London Police,-0.075453,51.511965,On or near Minories,E01000005,City of London 001E,Unable to prosecute suspect
ef867b62c679721a07a4cc49e1155d07d84a3473de41da7c0ecddd7725c60a65,2025-06,City of London Police,City of London Police,-0.075401,51.511164,On or near Supermarket,E01000005,City of London 001E,Suspect charged
969287c17f1e9f466b9dbedf55385e1254c953e68d9b02b01cce93b7fb46541e,2025-06,City of London Police,City of London Police,,,No location,,,Formal action is not in the public interest
755144a63a85de44d62efce4b4366cd73e953423616ab4a4ac2bf6e4baf8a706,2025-06,City of London Police,City of London Police,-0.075453,51.511965,On or near Minories,E01000005,City of London 001E,Suspect charged
45ad8eceb6ef3258ee74e5711d339dc4273212438d9da2163eaf2d2c75d9ea93,2025-06,City of London Police,City of London Police,-0.088785,51.517102,On or near Moorgate,E01032739,City of London 001F,Investigation complete; no suspect identified
51fe14f30d198d1ad8b746f2afe26190bd138608a4c82b1b4c29f73b93ef8e0f,2025-06,City of London Police,City of London Police,-0.075080,51.512625,On or near St Clare Street,E01000005,City of London 001E,Suspect charged
af907227ec85316b87839fcdc63a630eca476e486c4c59a33fd25f64c5091047,2025-06,City of London Police,City of London Police,-0.079907,51.517785,On or near Victoria Avenue,E01032739,City of London 001F,Suspect charged
e5606fbd775d34fa26591ffd41b1ea1c9d23f038a168d261f4c4a30cbebd10a0,2025-06,City of London Police,City of London Police,-0.079907,51.517785,On or near Victoria Avenue,E01032739,City of London 001F,Unable to prosecute suspect
90d46f6ab3ea62c4090f15a1508102b34a697a9982f6400c7ea7b90f7d46addc,2025-06,City of London Police,City of London Police,-0.094070,51.513079,On or near Watling Street,E01032739,City of London 001F,Unable to prosecute suspect
fb10be50533ae34a632eed3272651bdb809875da5c66394b5695bd4df3b05d5d,2025-06,City of London Police,City of London Police,-0.077511,51.515812,On or near Artizan Street,E01000005,City of London 001E,Suspect charged
f93adee9cf103a535668bf149cdbbea38dd813cb1eb3ef48b70bebdba2f3b37f,2025-06,City of London Police,City of London Police,-0.078937,51.514109,On or near Heneage Place,E01032739,City of London 001F,Investigation complete; no suspect identified
c2ad2ff0a74eec9797a71dda8d02b667a977490be3165eac1ac75e18a8b9b279,2025-06,City of London Police,City of London Police,,,No location,,,Unable to prosecute suspect
4dceef6bff07dc40ad3b32e7093872b8f51963ee82b17bdfd5a3d40ea98ffa64,2025-06,City of London Police,City of London Police,,,No location,,,Investigation complete; no suspect identified
a15ea10416417a53e15c7edc6562ef9e7951ae9a02e6455b9102232ce27d85c9,2025-06,City of London Police,City of London Police,-0.077959,51.511332,On or near Crutched Friars,E01032739,City of London 001F,Unable to prosecute suspect
26806450d9257d1f3ccc1019c7d0b3802c76bea17c71af0ec5cf7414aa5e9b07,2025-06,City of London Police,City of London Police,-0.083600,51.509797,On or near St Mary At Hill,E01032739,City of London 001F,Unable to prosecute suspect
82e3b7e26f69a7c3d5ae5870cb8b7bd19c7d7a700603bae1c2fdb5651ad65c7e,2025-06,City of London Police,City of London Police,-0.079907,51.517785,On or near Victoria Avenue,E01032739,City of London 001F,Suspect charged
5e25b825ae4387a26fd303f0860b3b4a5beca34fe10cd38d48f1ca1e90b74025,2025-06,City of London Police,City of London Police,,,No location,,,Unable to prosecute suspect
99da361ef9736831187d9cd7cdcddffaacf3ce38d98907f778b15be797eb34fa,2025-06,City of London Police,City of London Police,-0.084844,51.510725,On or near Eastcheap,E01032739,City of London 001F,Unable to prosecute suspect
2645ef9c7e23e4fa1d703c6d8a47215c09689022065eb1ab287a2854e99048a1,2025-06,City of London Police,City of London Police,-0.097291,51.514626,On or near Supermarket,E01032739,City of London 001F,Investigation complete; no suspect identified
f45b92b88caeba1852a65a339be456190f2f99944558f2bf841e56ca78b504e8,2025-06,City of London Police,City of London Police,-0.077597,51.518907,On or near Steward Street,E01004307,Tower Hamlets 015B,Unable to prosecute suspect
2eeebeda7acd95c016623b40e36bb2407e621375bfd7cf46e2b9937379afae69,2025-06,City of London Police,City of London Police,-0.077511,51.515812,On or near Artizan Street,E01000005,City of London 001E,Unable to prosecute suspect
c3ec749348fd0d5630a3d1bd6bff793cb531503d33b2733d4feb28c8ed8c7b7b,2025-06,City of London Police,City of London Police,-0.095758,51.521667,On or near Fann Street,E01000003,City of London 001C,Investigation complete; no suspect identified
19f8a46581d7c6665c7b45010dedaef9c88377539705bbb014991f8c992efdeb,2025-06,City of London Police,City of London Police,-0.074330,51.513647,On or near Little Somerset Street,E01000005,City of London 001E,Suspect charged
cd5dc07c684f47cd1c95efb0d8cc385f00c3d41b3dd94dd7c61c6687d7155ef9,2025-06,City of London Police,City of London Police,-0.101393,51.512685,On or near St Andrew's Hill,E01032739,City of London 001F,Investigation complete; no suspect identified
27722540bc51ae6908d73a8c4f2104b24e6b268d8ad70b9fcc15c07bb3ec0c9d,2025-06,City of London Police,City of London Police,-0.098017,51.519689,On or near Cloth Street,E01032740,City of London 001G,Investigation complete; no suspect identified
d93dbe931b2079eac0825ff9f662fb3939522d7f8233967ef6787d856944c588,2025-06,City of London Police,City of London Police,-0.091947,51.513188,On or near Pancras Lane,E01032739,City of London 001F,Investigation complete; no suspect identified
8ac27f6523fa0b6210d68f99b3bddaab9cd6696a94c70109359b169dd26d5144,2025-06,City of London Police,City of London Police,-0.083438,51.505424,On or near Battle Bridge Lane,E01033884,Southwark 035A,Unable to prosecute suspect
0e52ef685b177dccad8017f5a035c35dca2d19afa9a477c70f93650e16e883db,2025-06,City of London Police,City of London Police,-0.081113,51.516869,On or near Bishopsgate,E01032739,City of London 001F,Suspect charged
4e0887b9e6d1271c09722904f19f38008afe18ad723f3afe0346d6ba8fdf8225,2025-06,City of London Police,City of London Police,-0.081113,51.516869,On or near Bishopsgate,E01032739,City of London 001F,Suspect charged
03e1658d8796ed998b9faf8d11abfc6c4567b6585e5e8b1c881acad689bfeeae,2025-06,City of London Police,City of London Police,-0.081113,51.516869,On or near Bishopsgate,E01032739,City of London 001F,Unable to prosecute suspect
2edc0297881df5e9ef893e9fdb83c33dc19328c0addbd38114015234e33b646d,2025-06,City of London Police,City of London Police,-0.095758,51.521667,On or near Fann Street,E01000003,City of London 001C,Investigation complete; no suspect identified
fe97d56c055bb3938c0770ccadfc87a7099783376a65a123d1177a7340d927ed,2025-06,City of London Police,City of London Police,-0.074330,51.513647,On or near Little Somerset Street,E01000005,City of London 001E,Suspect charged
99cb57b261b3bc6e1bd9615b230da671807707a5fbf655b991f3a28d24c28c9b,2025-06,City of London Police,City of London Police,-0.081512,51.518692,On or near London Liverpool Street,E01032739,City of London 001F,Investigation complete; no suspect identified
903772f30a1bf1f13040e66b49f07b2cf4d655126105712210f810d813ff9136,2025-06,City of London Police,City of London Police,-0.074925,51.514924,On or near St Botolph Street,E01000005,City of London 001E,Unable to prosecute suspect
7f10114a72f7ccf5774b37ce261d41a55a8dc785bf2cc3a549af94690e621071,2025-06,City of London Police,City of London Police,-0.084754,51.512882,On or near Corbet Court,E01032739,City of London 001F,Investigation complete; no suspect identified
d199e80bbe23088e3bfb6034c9a9810cdcb67007f173d367e0ada2b2d9b6ccc6,2025-06,City of London Police,City of London Police,-0.101621,51.516906,On or near Giltspur Street,E01032740,City of London 001G,Investigation complete; no suspect identified
214c3af758e83fa0115c59822912166ffef6c445f6da6c36ea96d6528588a5c6,2025-06,City of London Police,City of London Police,-0.084559,51.510316,On or near Botolph Lane,E01032739,City of London 001F,Investigation complete; no suspect identified
732ff51d2b216401511306a4341ddd3ba0c45bac76f787200556140bff7d9666,2025-06,City of London Police,City of London Police,-0.093969,51.519300,On or near Park/Open Space,E01000002,City of London 001B,Unable to prosecute suspect
bbade81daf86082d34942da23ad5aaa92a859809266dbd5f548454bcb3cc8d2d,2025-06,City of London Police,City of London Police,-0.101475,51.511077,On or near A3211,E01032739,City of London 001F,Unable to prosecute suspect
5985c288d5ae8d833328f32a031d2fedde097cc12994c53dbe36e467df9180c7,2025-06,City of London Police,City of London Police,-0.112953,51.518231,On or near Southampton Buildings,E01032740,City of London 001G,Investigation complete; no suspect identified
d5a8b02367dccb008ef3b58a20154753b65e1ae897ee99d662c739239d989b51,2025-06,City of London Police,City of London Police,-0.124658,51.509786,On or near Police Station,E01004734,Westminster 018A,Investigation complete; no suspect identified
dfd3b5f4db201af835c077e97423d32d44a43a271dd6e8a6266fd275e97b9c8e,2025-06,City of London Police,City of London Police,-0.081902,51.517296,On or near Liverpool Street,E01032739,City of London 001F,Investigation complete; no suspect identified
49c41a1757d6d6c625a6b9313b559241deb5fb4ca1bdbf182047d634c99d61dc,2025-06,City of London Police,City of London Police,-0.099301,51.519674,On or near Hayne Street,E01032740,City of London 001G,Investigation complete; no suspect identified
d366116869340741cb1eb44702c1902651f9716298c62877d39cdcc777c6fe05,2025-06,City of London Police,City of London Police,-0.084836,51.511939,On or near Shopping Area,E01032739,City of London 001F,Investigation complete; no suspect identified
539865a972355b4fca18be621e79a986702fc39dce8f7d513b7a50357b02a476,2025-06,City of London Police,City of London Police,-0.076567,51.519052,On or near Brushfield Street,E01004307,Tower Hamlets 015B,Investigation complete; no suspect identified
96880b2b859d839d7a69ae437c2a92fe2e237afceb43646e6d0f92e3b5d45bb9,2025-06,City of London Police,City of London Police,-0.108450,51.514202,On or near Fleet Street,E01032740,City of London 001G,Unable to prosecute suspect
8a3767adf7c0c6c8767da7fd8129454427473b6a1a8e4fb9685f7ae4e62890fa,2025-06,City of London Police,City of London Police,-0.087772,51.510665,On or near Martin Lane,E01032739,City of London 001F,Unable to prosecute suspect
0f63e22abc98f40bf310c5d9da31b63b66d83f1961fde2477f094ebd0b48c7a3,2025-06,City of London Police,City of London Police,-0.089479,51.510864,On or near Gophir Lane,E01032739,City of London 001F,Investigation complete; no suspect identified
8fb5cc354dcbb5e7c562d09ea2d26ae93ebc8ce31349a0ccaf7ec202e8212ec3,2025-06,City of London Police,City of London Police,-0.090553,51.518948,On or near Moor Lane,E01000002,City of London 001B,Investigation complete; no suspect identified
07f206d969ef81a1ca6efdbfd033957a1f0bedd9c14a395615a9ebc678d28859,2025-06,City of London Police,City of London Police,-0.101393,51.512685,On or near St Andrew's Hill,E01032739,City of London 001F,Investigation complete; no suspect identified
58d0d008b0b17fb0ef997b5c2e3d010e1389e23daac8286a77ead08cc37e6e05,2025-06,City of London Police,City of London Police,-0.095224,51.513736,On or near Shopping Area,E01032739,City of London 001F,Local resolution
f09715540c13e0121f5020ecde5f6192b1f7a5ddf65a3c61fca9a8f3046af7dc,2025-06,City of London Police,City of London Police,-0.079883,51.517326,On or near New Street,E01032739,City of London 001F,Investigation complete; no suspect identified
4bd12a8239f91d262e1d7ded76dee1f05cdb8b8fd74904d8477e3d6b1f2915ad,2025-06,City of London Police,City of London Police,-0.105909,51.513262,On or near Dorset Buildings,E01032740,City of London 001G,Offender given a caution
0998618b6bdc12616a0c2e798b3aad313acc94bbaee5450a34a6e5e8be6701f1,2025-06,City of London Police,City of London Police,-0.090553,51.518948,On or near Moor Lane,E01000002,City of London 001B,Investigation complete; no suspect identified
c5d031f8c3406a1baaa4d649051ea74233369e30745f35e04fc32bd3d6419da4,2025-06,City of London Police,City of London Police,-0.101359,51.518700,On or near Parking Area,E01032740,City of London 001G,Unable to prosecute suspect
86230698d3b7eca2a7481a5654ef79bc8a4f7795729d49212d1ba38bd95910cf,2025-06,City of London Police,City of London Police,,,No location,,,Unable to prosecute suspect
68f62703919f563c6f3af9201095c0038c8c70ff43fe2c5af309604b93fb0831,2025-06,City of London Police,City of London Police,-0.081902,51.517296,On or near Liverpool Street,E01032739,City of London 001F,Suspect charged
90c4cb5b4e982caf456d0bf625c253dd8289dd1b8fdd52692265ae73949a15a9,2025-06,City of London Police,City of London Police,-0.099803,51.519026,On or near Cloth Fair,E01032740,City of London 001G,Investigation complete; no suspect identified
9b9dc084d9a0674d537a2cb706aa49ce13ae84baf7cfd1aeb419047cc99e0e8f,2025-06,City of London Police,City of London Police,-0.086019,51.513631,On or near Finch Lane,E01032739,City of London 001F,Suspect charged
8a69b133ac49b3a7145b4f4e5e1fe442bb547ec77e00c6f511ab2c698a3c7aee,2025-06,City of London Police,City of London Police,-0.081902,51.517296,On or near Liverpool Street,E01032739,City of London 001F,Investigation complete; no suspect identified
24ceb5d1133a0411adfae210863ed0317ec79b831a3686931a6d7f84abc0cc22,2025-06,City of London Police,City of London Police,-0.098017,51.519689,On or near Cloth Street,E01032740,City of London 001G,Investigation complete; no suspect identified
d3de181c8dc12035da2413ced3d5c2525387e6236d5f4c553aec9cda26e0a53e,2025-06,City of London Police,City of London Police,-0.104980,51.512033,On or near Kingscote Street,E01032740,City of London 001G,Suspect charged
d9fe6ce77f25a8c1eab275613ce9937c407d2259785ef31b01024662085d9def,2025-06,City of London Police,City of London Police,-0.097151,51.523182,On or near Baltic Street West,E01033490,Islington 022H,Action to be taken by another organisation
9e1ff4e1bf22f00408a9a2d77d06f9fe8aff1e1a0463a52047d7a43b1192ba0c,2025-06,City of London Police,City of London Police,-0.097151,51.523182,On or near Baltic Street West,E01033490,Islington 022H,Action to be taken by another organisation
b58a9974906b9df1ab4fb3290a16122632a2b54af440286863a4a015b6a7328a,2025-06,City of London Police,City of London Police,-0.097151,51.523182,On or near Baltic Street West,E01033490,Islington 022H,Action to be taken by another organisation
244011fc8a8aa6545f2bcb37f937e24e4c8ea8337afff0296b8c3f6ecc616de4,2025-06,City of London Police,City of London Police,-0.087772,51.510665,On or near Martin Lane,E01032739,City of London 001F,Investigation complete; no suspect identified
7e73985d95bc13cd382466367f23e565dcb85eeb95046297cd85849fca6b08b9,2025-06,City of London Police,City of London Police,-0.097151,51.523182,On or near Baltic Street West,E01033490,Islington 022H,Action to be taken by another organisation
ba024e3c89669b95ac24a35164040b3e6841e5ee5d07d75933dc4d3b3b11ee41,2025-06,City of London Police,City of London Police,-0.097151,51.523182,On or near Baltic Street West,E01033490,Islington 022H,Action to be taken by another organisation
afb13bd8fe2cd747f81272ab294a3d332c50967c237d6e136d7a471657425198,2025-06,City of London Police,City of London Police,-0.090553,51.518948,On or near Moor Lane,E01000002,City of London 001B,Investigation complete; no suspect identified
513ecb48b3f4a47b1f6ca27592919846e119325165c0c1bba4cca088a8e7038c,2025-06,City of London Police,City of London Police,-0.109913,51.516806,On or near Norwich Street,E01032740,City of London 001G,Investigation complete; no suspect identified
2f3daf2ad444ea4f7f1da776ecd4d2cbc52b1f51c68640f6e0348ee73118dee5,2025-06,City of London Police,City of London Police,-0.099803,51.519026,On or near Cloth Fair,E01032740,City of London 001G,Investigation complete; no suspect identified
f6d65422db5e5e83cf67497c4097bfc1b26c2ff7be3fdc658951349e91ef65e6,2025-06,City of London Police,City of London Police,-0.084844,51.510725,On or near Eastcheap,E01032739,City of London 001F,Investigation complete; no suspect identified
dc980cbd58482176c1ef3167f634862022e8d8f22d934cd6a1ec37092d337724,2025-06,City of London Police,City of London Police,-0.101359,51.518700,On or near Parking Area,E01032740,City of London 001G,Suspect charged
65d9b5bc4a85db37f18ac7ccf3be6868a5856f0f9c4f2d507d7d4342bf48afee,2025-06,City of London Police,City of London Police,-0.097291,51.514626,On or near Supermarket,E01032739,City of London 001F,Unable to prosecute suspect
92f3c6cb24e35f26dcc1db4fb252f50fddefce35187afb3be3887f85bcbaa102,2025-06,City of London Police,City of London Police,-0.113212,51.516841,On or near Old Square,E01000914,Camden 028B,Investigation complete; no suspect identified
cfc72079366dbc2d1ce2acffda63784ab6e1a4589f78ea9cf69074e91ea271b3,2025-06,City of London Police,City of London Police,-0.107997,51.513313,On or near Bouverie Street,E01032740,City of London 001G,Formal action is not in the public interest
9e4bbbecbae4a480093c73d665aa2cc3a626bc4ca7b0f21107d46e3fd10de4de,2025-06,City of London Police,City of London Police,-0.085228,51.511190,On or near Talbot Court,E01032739,City of London 001F,Suspect charged
362e1cc8338654a8cc83d770e8c181b028b513ff6ceea5cfe5564c343e9060a9,2025-06,City of London Police,City of London Police,-0.085228,51.511190,On or near Talbot Court,E01032739,City of London 001F,Suspect charged
91f6a774667d7846d424f263d0f83be4f51f2ab3cec7e987586d6a999a8f71fb,2025-06,City of London Police,City of London Police,-0.095224,51.513736,On or near Shopping Area,E01032739,City of London 001F,Investigation complete; no suspect identified
0c3ac14e5252e45ab51efc4eaa264b726199ed068a5658498f30e3c166ccabad,2025-06,City of London Police,City of London Police,-0.087772,51.510665,On or near Martin Lane,E01032739,City of London 001F,Investigation complete; no suspect identified
ac53f675d610ffc5a0018e346d2427a54039d137b0630a65fd5212363a58453b,2025-06,City of London Police,City of London Police,-0.078755,51.518440,On or near Artillery Lane,E01032739,City of London 001F,Investigation complete; no suspect identified
cc1aca5d4389dfea10a052fb24900329a9ca6e5eb4b861336c5e048e438f43d1,2025-06,City of London Police,City of London Police,-0.081113,51.516869,On or near Bishopsgate,E01032739,City of London 001F,Investigation complete; no suspect identified
05bb0280854bb27b7416451e8077d1fbc093aabce77198debd7a2175ce679787,2025-06,City of London Police,City of London Police,-0.094460,51.512024,On or near Great Trinity Lane,E01032739,City of London 001F,Unable to prosecute suspect
d2c974c8b5a5e56220af06cfeb77332e6e32070349d0205d6280608e59b01219,2025-06,City of London Police,City of London Police,-0.094460,51.512024,On or near Great Trinity Lane,E01032739,City of London 001F,Suspect charged
1a4169a2ee97c78c41827fddebb951c552af7f179f5f0e2a8f9a2a8422b4361c,2025-06,City of London Police,City of London Police,-0.078278,51.513666,On or near Mitre Street,E01032739,City of London 001F,Unable to prosecute suspect
80e578e18ad4065f45763582d20ef2ce1c14080526acf11a1f96e57a4207dc0c,2025-06,City of London Police,City of London Police,-0.109842,51.522012,On or near White Bear Yd,E01000916,Camden 027B,Formal action is not in the public interest
adca4bffb981704df2f70d34db96505d7829e6abc508ddb4e84cb2ff269fdb22,2025-06,City of London Police,City of London Police,-0.079838,51.514267,On or near Bury Street,E01032739,City of London 001F,Unable to prosecute suspect
853e930e496df1e7d4b1baa023d62476c8bc826e75023df16e561e5861a07623,2025-06,City of London Police,City of London Police,-0.084754,51.512882,On or near Corbet Court,E01032739,City of London 001F,Investigation complete; no suspect identified
ef4f1384453bdea2374af8c769bad18d9a954111ad2b5f42847fa8ccd5a5da28,2025-06,City of London Police,City of London Police,-0.086815,51.517007,On or near Circus Place,E01032739,City of London 001F,Unable to prosecute suspect
a356fa52ec446c80bda3cdc6e5eb1aa815f81c8cc01d17bdfad02ced83cdfd17,2025-06,City of London Police,City of London Police,-0.074330,51.513647,On or near Little Somerset Street,E01000005,City of London 001E,Investigation complete; no suspect identified
de14857507b2d480bc52b417d11a337b7efb9bddcc3422c772cc150431e0b7aa,2025-06,City of London Police,City of London Police,-0.101621,51.516906,On or near Giltspur Street,E01032740,City of London 001G,Investigation complete; no suspect identified
17034c843eebd22b58eadb170e581fc1642e286715693300bfadf278f86d7435,2025-06,City of London Police,City of London Police,-0.077563,51.517656,On or near Sandy's Row,E01032739,City of London 001F,Local resolution
d60ffb52e75f26c6c008f98e97c9da564c0662b014810d904e04f7d866a3993b,2025-06,City of London Police,City of London Police,-0.082993,51.516360,On or near Wormwood Street,E01032739,City of London 001F,Unable to prosecute suspect
0b34973d07b95de0df3ef746f491149a078c19b89e10a30151788fa2195ce623,2025-06,City of London Police,City of London Police,-0.083349,51.514830,On or near Shopping Area,E01032739,City of London 001F,Suspect charged
2acfa8a4a756560ea77e5d51a327ea51cbd305de67d8054c48fcb0bfef992944,2025-06,City of London Police,City of London Police,-0.098017,51.519689,On or near Cloth Street,E01032740,City of London 001G,Unable to prosecute suspect
45d7a44158fbb2af55bb2e4c3d39f82ba0923a0550666103fab9b18d86b3d49d,2025-06,City of London Police,City of London Police,-0.087157,51.512624,On or near Lombard Street,E01032739,City of London 001F,Unable to prosecute suspect
3b51041294a6123d0dce0b00825f774697537a321881c01a4f2b4b10edcd2877,2025-06,City of London Police,City of London Police,-0.084844,51.510725,On or near Eastcheap,E01032739,City of London 001F,Unable to prosecute suspect
f5dd4c9098ed23f9ac01c7da06e24f96ade4fb0ca35ec82afd963ef3c2bceef6,2025-06,City of London Police,City of London Police,,,No location,,,Investigation complete; no suspect identified
7eaf63be7e20b7c7fed261ce374a3bd6fa392beadab26ea0bd1906c01f0c6abe,2025-06,City of London Police,City of London Police,-0.087157,51.512624,On or near Lombard Street,E01032739,City of London 001F,Suspect charged
3f1da0a03a0db3e9d15631a5caaf560898c0967f6b790d7a920fbaf2943c3fd3,2025-06,City of London Police,City of London Police,-0.079907,51.517785,On or near Victoria Avenue,E01032739,City of London 001F,Investigation complete; no suspect identified
447c8883eb84d70b3e438dc24d684fc6d4faa902c97820cdf7334ba23e9abbc6,2025-06,City of London Police,City of London Police,-0.081113,51.516869,On or near Bishopsgate,E01032739,City of London 001F,Local resolution
2216e16555e97d9b2ce11a6b91745dd3e10ac1a00a58f09e49421ae5a1a01e82,2025-06,City of London Police,City of London Police,-0.101292,51.514770,On or near Amen Court,E01032739,City of London 001F,Unable to prosecute suspect
400e4de11261ae75b3bfbcd8294c634b2fc17d7cfa3388568c27e7901c860031,2025-06,City of London Police,City of London Police,-0.081902,51.517296,On or near Liverpool Street,E01032739,City of London 001F,Unable to prosecute suspect
d7bc23930b8ee58f9d97840265c92f0bda62d7329d2e3f8eae543169f8511998,2025-06,City of London Police,City of London Police,-0.091947,51.513188,On or near Pancras Lane,E01032739,City of London 001F,Investigation complete; no suspect identified
6bfbb8d19525a92ab2fa190602b38140d1d930a61475a8208b76d733d33651bf,2025-06,City of London Police,City of London Police,-0.108457,51.512997,On or near Temple Lane,E01032740,City of London 001G,Unable to prosecute suspect
8253a53371dee54ed71d7c0c9040ff3240392c9b2a3cf7e2327ddf83f0e72e59,2025-06,City of London Police,City of London Police,,,No location,,,Investigation complete; no suspect identified
19412887a9ead462aa3cf942edc64faba2b1f78c8292eef6373de3f07301467e,2025-06,City of London Police,City of London Police,-0.077169,51.517083,On or near Strype Street,E01000005,City of London 001E,Investigation complete; no suspect identified
b2a0aab1815abedd0c9dcb63addf9cc95667ea9bba3d947e11f78d8f8fa9c89b,2025-06,City of London Police,City of London Police,-0.077407,51.516215,On or near Harrow Place,E01000005,City of London 001E,Local resolution
1c34d8894d8c6069568c4caedc0945c65a6bbf667f19370941ba7b2226124479,2025-06,City of London Police,City of London Police,-0.089822,51.516103,On or near Coleman Street,E01032739,City of London 001F,Investigation complete; no suspect identified
8f2c94776d00cc26f9748cc1ad76d54d0f666b633c651b240c8a309c5da36829,2025-06,City of London Police,City of London Police,,,No location,,,Investigation complete; no suspect identified
74c903edb3659b2df8da6c0f4f9815143551433ce78ce5465510d9a479e11ad7,2025-06,City of London Police,City of London Police,-0.079907,51.517785,On or near Victoria Avenue,E01032739,City of London 001F,Investigation complete; no suspect identified
a3acad319a6c9080f5a77d8a51a600c4cffa54fd71fe4901629a2e94a49b7d0f,2025-06,City of London Police,City of London Police,-0.101320,51.519293,On or near Grand Avenue,E01032740,City of London 001G,Investigation complete; no suspect identified
ea817e2bb01410ec7881de49a53d3bc0304c20efc7f75569c6c3e34dd8e01f5e,2025-06,City of London Police,City of London Police,-0.091823,51.514427,On or near Ironmonger Lane,E01032739,City of London 001F,Unable to prosecute suspect
1c57055c7174d6ff05bee487c78d8c33724cdbe336125150a8830c7ea2deca51,2025-06,City of London Police,City of London Police,-0.075401,51.511164,On or near Supermarket,E01000005,City of London 001E,Unable to prosecute suspect
95ba228d6e46b8c90fc79c839148b5651f247db302003269a2caf5258387a807,2025-06,City of London Police,City of London Police,-0.094070,51.513079,On or near Watling Street,E01032739,City of London 001F,Investigation complete; no suspect identified
b805b6c188cdf1c0d936e4934fca960bd44f8fc893abace5b28402491885d553,2025-06,City of London Police,City of London Police,-0.078278,51.513666,On or near Mitre Street,E01032739,City of London 001F,Suspect charged
09ae2f14f24ef9005f10d360d8ef8712d22d9dc9f08c844288f16120cd83fe7b,2025-06,City of London Police,City of London Police,-0.085089,51.512105,On or near Gracechurch Street,E01032739,City of London 001F,Formal action is not in the public interest
c9877d69c1f144e288540abee5f9387fe293a709988b4c1abfd2775fff70f670,2025-06,City of London Police,City of London Police,-0.103679,51.519080,On or near Charterhouse Street,E01002724,Islington 022D,Unable to prosecute suspect
f3da9d505e5c0dc4da336b752efd9497770ee61aee07e0fe6ca193733a42f9ed,2025-06,City of London Police,City of London Police,-0.077597,51.518907,On or near Steward Street,E01004307,Tower Hamlets 015B,Unable to prosecute suspect
5b9b57e897feca2586ecc3a091941fe9fcbc6a7ca6389b0866a2251c4b005b35,2025-06,City of London Police,City of London Police,-0.097245,51.515387,On or near St Martin's Le Grand,E01000001,City of London 001A,Investigation complete; no suspect identified
9389792c73bd0e547cc378996acdc62302e6b59dd1d69a5f326a0067178b0637,2025-06,City of London Police,City of London Police,-0.079521,51.511196,On or near New London Street,E01032739,City of London 001F,Suspect charged
8e815345bf92955e86566a4773d503620e2f3d961add2d3ddfaf2d2039798017,2025-06,City of London Police,City of London Police,,,No location,,,Investigation complete; no suspect identified
44e48014b76cbca9027cf3f149c98a34f95edaafcabe1e6b4af5782d5c3d0c0f,2025-06,City of London Police,City of London Police,-0.084754,51.512882,On or near Corbet Court,E01032739,City of London 001F,Investigation complete; no suspect identified
66f59398b85839d5257dd90e05a6d40b20cb7419539776c55df5154edbfdb329,2025-06,City of London Police,City of London Police,-0.087772,51.510665,On or near Martin Lane,E01032739,City of London 001F,Investigation complete; no suspect identified
a703f5fdecefb72853fef9d404c97626cff22176b11f7f9c83a6e60d4d56ab9c,2025-06,City of London Police,City of London Police,-0.079838,51.514267,On or near Bury Street,E01032739,City of London 001F,Investigation complete; no suspect identified
e742d9258d3a1c8c73ddc665289c60c5cc3e5c5b456f8c5d21579eb4fdea0029,2025-06,City of London Police,City of London Police,-0.085089,51.512105,On or near Gracechurch Street,E01032739,City of London 001F,Further action is not in the public interest
0e051b0bfb56ca64b1fb5a9ad831c6ba0a46839ebd879cd8776e604343016374,2025-06,City of London Police,City of London Police,-0.087772,51.510665,On or near Martin Lane,E01032739,City of London 001F,Investigation complete; no suspect identified
65b35226bca15323321238bbb6a7b6262b7d3687ed78aaa509c5560a7b280999,2025-06,City of London Police,City of London Police,-0.082993,51.516360,On or near Wormwood Street,E01032739,City of London 001F,Unable to prosecute suspect
951ea130e0d9cc572930603e7b98797ef97a07a932b67a1d9654c3cb6e22ce1d,2025-06,City of London Police,City of London Police,-0.081973,51.515948,On or near A10,E01032739,City of London 001F,Investigation complete; no suspect identified
b7dc0ac996bc0c0570819482bc06dc7a17d4150ab1de42ab3c433e5241146463,2025-06,City of London Police,City of London Police,-0.107682,51.517786,On or near B521,E01000917,Camden 027C,Unable to prosecute suspect
39ae28106e513daa9aff7dd69d8ef5636677d064d9ed680eac0c5a88cdeca342,2025-06,City of London Police,City of London Police,-0.084844,51.510725,On or near Eastcheap,E01032739,City of London 001F,Suspect charged
d125cad147244c9da1578dbcaaef782371d6bb9a3c54b548733325748eb78f65,2025-06,City of London Police,City of London Police,-0.103393,51.517978,On or near Smithfield Street,E01032740,City of London 001G,Investigation complete; no suspect identified
8ab6c49b416856cfd8665f38199d0aef8d7cd9a1efa8894a682d0071e6312110,2025-06,City of London Police,City of London Police,-0.092531,51.512658,On or near Queen Street,E01032739,City of London 001F,Investigation complete; no suspect identified
3a579de5383268698b9beb4b4d405d4382d6a37c7b8ee46b2ab6e346cef9880d,2025-06,City of London Police,City of London Police,-0.076716,51.515178,On or near Gravel Lane,E01000005,City of London 001E,Investigation complete; no suspect identified
dbb47583fb49b300bff85596e887442c0b0d21955c38e22269f5adf8e36749ac,2025-06,City of London Police,City of London Police,-0.081902,51.517296,On or near Liverpool Street,E01032739,City of London 001F,Suspect charged
c42290330f920cd1b04fadb0b1cfccc5f002a6b79040ffb222ed03b3d4fd0341,2025-06,City of London Police,City of London Police,-0.097245,51.515387,On or near St Martin's Le Grand,E01000001,City of London 001A,Investigation complete; no suspect identified
b5f873264f1dd2754647de8f36c288de2956bfa9decfde27df9729f550c5c0b0,2025-06,City of London Police,City of London Police,-0.083349,51.514830,On or near Shopping Area,E01032739,City of London 001F,Investigation complete; no suspect identified
fc363c9cce06acb8eefad46f03b2a0780295a905e762c9138f3fa37129570001,2025-06,City of London Police,City of London Police,-0.101621,51.516906,On or near Giltspur Street,E01032740,City of London 001G,Investigation complete; no suspect identified
d474107d5454c01f7ddf22e46fa1d89b2e9278bb86732c4690b5a61fd30b03c4,2025-06,City of London Police,City of London Police,-0.101589,51.513515,On or near Ludgate Square,E01032739,City of London 001F,Investigation complete; no suspect identified
f1529078750bc92ef438c065da00f8898698e642b5e69202a625ae2c5abd012d,2025-06,City of London Police,City of London Police,-0.102847,51.512717,On or near Playhouse Yard,E01032739,City of London 001F,Investigation complete; no suspect identified
14bc88f8d4575e6d7925210266ff386a4de8ec290ec245f246a5c230dfe21548,2025-06,City of London Police,City of London Police,-0.081643,51.510070,On or near Great Tower Street,E01032739,City of London 001F,Investigation complete; no suspect identified
260cba6e09dc35a5c40a6c7a078dfbc0038f7d9cb38f21e6ae39f8976bf348a3,2025-06,City of London Police,City of London Police,-0.106076,51.517239,On or near Conference/Exhibition Centre,E01032740,City of London 001G,Unable to prosecute suspect
348e92ed233e6d0e83a3d1b488bd4fd13e275cc3cdd490777d588ce7c38118ea,2025-06,City of London Police,City of London Police,-0.085228,51.511190,On or near Talbot Court,E01032739,City of London 001F,Investigation complete; no suspect identified
1634065f1037328c16c3232359c09aefc82a4ebdc93ca0b2009baeb7676217fa,2025-06,City of London Police,City of London Police,-0.088785,51.517102,On or near Moorgate,E01032739,City of London 001F,Investigation complete; no suspect identified
7cad1f82f879bf052b635a3d58449f0fc611a8ba00c94665f3d5349875413285,2025-06,City of London Police,City of London Police,-0.099803,51.519026,On or near Cloth Fair,E01032740,City of London 001G,Unable to prosecute suspect
e6a900389a7f5d504096f6c789e6415ca902a37f8ce7ef5e6818e3aa8c1d6de6,2025-06,City of London Police,City of London Police,-0.084754,51.512882,On or near Corbet Court,E01032739,City of London 001F,Investigation complete; no suspect identified
966bddb99f67732d248e89971dc9f322278829c5e3c689d2330df5642a2b6c57,2025-06,City of London Police,City of London Police,-0.106076,51.517239,On or near Conference/Exhibition Centre,E01032740,City of London 001G,Suspect charged
067c6a2fad0cbd593a6092ca3d7b39161a86e6a864017c2547f57a0dc25e0db6,2025-06,City of London Police,City of London Police,-0.092374,51.519517,On or near Further/Higher Educational Building,E01000002,City of London 001B,Investigation complete; no suspect identified
6fe641d02a4b6f2333873be2549b94be8fe78a3e0af5ebd3577f9660e06ffaa5,2025-06,City of London Police,City of London Police,-0.075401,51.511164,On or near Supermarket,E01000005,City of London 001E,Suspect charged
b8a7b16b6583764c53b7dd87e0f4cc0e1a8e4d885b5bab42b82e046d80e51d0e,2025-06,City of London Police,City of London Police,-0.097959,51.517629,On or near Montague Street,E01032740,City of London 001G,Unable to prosecute suspect
10e7f5d5be802d608551f0d233d65ba75c6d031422dbca14401407058e918fc8,2025-06,City of London Police,City of London Police,-0.084910,51.512588,On or near Bell Inn Yard,E01032739,City of London 001F,Investigation complete; no suspect identified
6f5e51bbf0e3e8750ed2c73f08278e3af003ca41b61de038f9a7a3a5c1a05319,2025-06,City of London Police,City of London Police,-0.090578,51.509722,On or near Allhallows Lane,E01032739,City of London 001F,Investigation complete; no suspect identified
45e2ae92a12012da58ff3ae8a5bf5770a2598fa57e1006216c3d68a7cf8a456c,2025-06,City of London Police,City of London Police,-0.090578,51.509722,On or near Allhallows Lane,E01032739,City of London 001F,Investigation complete; no suspect identified
900b3f90da70f47507f96e473d1e28957010352016f42bb0c849fce18562c4b9,2025-06,City of London Police,City of London Police,-0.084559,51.510316,On or near Botolph Lane,E01032739,City of London 001F,Investigation complete; no suspect identified
cfe8da96a8f2347c108d269ec648962f0e2a6826144bb0d244cfbbcd6da7344c,2025-06,City of London Police,City of London Police,-0.102538,51.517739,On or near Hosier Lane,E01032740,City of London 001G,Unable to prosecute suspect
537e60f3ff9138a01f6cba8a3f1ee7aefb2ecd85dc819ea9874b9a87a416f43f,2025-06,City of London Police,City of London Police,,,No location,,,Investigation complete; no suspect identified
63fe14a93f4dd2335ea72563b264d0f4ad8bb88ffc9c90a1a3e75091e36fdd63,2025-06,City of London Police,City of London Police,,,No location,,,Investigation complete; no suspect identified
f7d27c6e55dcfa03fff8f1ed75dcad7c45c7f6b9fbba8adeaedd770fcbe6d89c,2025-06,City of London Police,City of London Police,,,No location,,,Investigation complete; no suspect identified
02f00565871120ebb9d8c056d08dae3fd4e6fa06dabdf074cf96cfc9dd90e7ba,2025-06,City of London Police,City of London Police,-0.084559,51.510316,On or near Botolph Lane,E01032739,City of London 001F,Investigation complete; no suspect identified
40815fbf70a5a8a4e9e53d880eb457fa3b1a3d04ea8e0f9d3005013e0e7ef79f,2025-06,City of London Police,City of London Police,-0.086815,51.517007,On or near Circus Place,E01032739,City of London 001F,Unable to prosecute suspect
d8580b3e2e6f43287b6a103a1bae3498afeaf9ff3822b3d5162b77833639b73c,2025-06,City of London Police,City of London Police,-0.083977,51.510441,On or near Lovat Lane,E01032739,City of London 001F,Suspect charged
8379efb3c7a3e155682b1962070aeadf3a2ee13df641061da3f215c94d93eed0,2025-06,City of London Police,City of London Police,-0.096984,51.522426,On or near Sports/Recreation Area,E01000003,City of London 001C,Unable to prosecute suspect
40fafa479043f074ebba9e7983734e22c7c9695588c62f609ff5decd247d7465,2025-06,City of London Police,City of London Police,-0.087772,51.510665,On or near Martin Lane,E01032739,City of London 001F,Investigation complete; no suspect identified
a0be4539b1240fe60b4c3705be18ded0b39346789795e9d58ee0d184ec08fa45,2025-06,City of London Police,City of London Police,-0.104980,51.512033,On or near Kingscote Street,E01032740,City of London 001G,Unable to prosecute suspect
60d75520dae26c3712b17abcb0ed6c83f4801f83dcfb6395fe648335b6cb99fd,2025-06,City of London Police,City of London Police,-0.088785,51.517102,On or near Moorgate,E01032739,City of London 001F,Investigation complete; no suspect identified
fdcef081722f88605add1a6d0396fa3d7da6afd6edbbb111892173fff0beb98a,2025-06,City of London Police,City of London Police,-0.108027,51.511884,On or near Temple Avenue,E01032740,City of London 001G,Suspect charged
3c7eb5f3dd526510544d9fa9f0c593e51f0c683fd37931f9c252401a9ce7dda2,2025-06,City of London Police,City of London Police,-0.082993,51.516360,On or near Wormwood Street,E01032739,City of London 001F,Investigation complete; no suspect identified
97b5264c95ed51ba15f42d5849bdc849263e4a99924abf059a88185ccac9e58c,2025-06,City of London Police,City of London Police,-0.093339,51.511557,On or near Conference/Exhibition Centre,E01032739,City of London 001F,Investigation complete; no suspect identified
0eb257d954fd477e56d488c183b62d1d9854df39647939d5d77839829df450d4,2025-06,City of London Police,City of London Police,-0.090553,51.518948,On or near Moor Lane,E01000002,City of London 001B,Unable to prosecute suspect
a46d4f521487e029b0dfb22dd25f7901259d0ebc2c2667bc937e427513f30153,2025-06,City of London Police,City of London Police,-0.093339,51.511557,On or near Conference/Exhibition Centre,E01032739,City of London 001F,Investigation complete; no suspect identified
7ef4ff6d5b231ad140fec806088b8ab2ddde9222b5a14492f1ed304f52511dd9,2025-06,City of London Police,City of London Police,-0.095224,51.513736,On or near Shopping Area,E01032739,City of London 001F,Investigation complete; no suspect identified
2b62e9c7c627d295b8a46c67b164c179992da635d52a544bfc1ab75635184fe5,2025-06,City of London Police,City of London Police,-0.099803,51.519026,On or near Cloth Fair,E01032740,City of London 001G,Investigation complete; no suspect identified
691567fd51cd2439d7ac587ed68a6227ac0b00c9d443104755019bbfcd892900,2025-06,City of London Police,City of London Police,-0.081902,51.517296,On or near Liverpool Street,E01032739,City of London 001F,Investigation complete; no suspect identified
898616e0a7b6c9457f108ea7a7a341f49bd671bce2049b631c9f3d8312b2b8dd,2025-06,City of London Police,City of London Police,-0.085228,51.511190,On or near Talbot Court,E01032739,City of London 001F,Investigation complete; no suspect identified
f27626b85b77c86a078009f621ad0f6eb08082dc336cc0273ab52d3c5eec194d,2025-06,City of London Police,City of London Police,-0.089822,51.516103,On or near Coleman Street,E01032739,City of London 001F,Investigation complete; no suspect identified
e3370547b2e1bfc64d3229f9add31a679561a6f6a8b604b49ad9d18ed761bddd,2025-06,City of London Police,City of London Police,-0.104980,51.512033,On or near Kingscote Street,E01032740,City of London 001G,Investigation complete; no suspect identified
628f2f68054dd84452ea447ff7bc3ff15adf10c86eac25ba3f40bdd3040aeedd,2025-06,City of London Police,City of London Police,-0.095924,51.513882,On or near Shopping Area,E01032739,City of London 001F,Investigation complete; no suspect identified
4c0074ee57d46fb3a45f5a808c1e04fe4ed4d09cc2a189205538d953afb2de5b,2025-06,City of London Police,City of London Police,,,No location,,,Investigation complete; no suspect identified
e1d76d4fcbde850828a3175f63a59be69c2d3e9b0b3b42b740f44c5c12e010d0,2025-06,City of London Police,City of London Police,-0.079127,51.509607,On or near Byward Street,E01032739,City of London 001F,Investigation complete; no suspect identified
c851949896f576d7fa2702490b177f967293110816d9bc752b81e188066d3cf8,2025-06,City of London Police,City of London Police,-0.084754,51.512882,On or near Corbet Court,E01032739,City of London 001F,Suspect charged
5c67fdb251ba94d88f17a95f03f8a5afe1d8ada1b64dc0157a906bc48f00fe87,2025-06,City of London Police,City of London Police,-0.078059,51.509967,On or near Trinity Square,E01032739,City of London 001F,Suspect charged
5494c563a1ecf606fb486ad69f5956148e878b14a4bb53f27db48936597f8d46,2025-06,City of London Police,City of London Police,-0.084754,51.512882,On or near Corbet Court,E01032739,City of London 001F,Suspect charged
5624ba61b382779e11546f8b3d69f5c619905504009ec82d7f7127d10c270a01,2025-06,City of London Police,City of London Police,-0.081512,51.518692,On or near London Liverpool Street,E01032739,City of London 001F,Investigation complete; no suspect identified
1b154ee69c7a49d48a29f6657df3a6b66acd094253c9c68322d38fcdb0fc5fd1,2025-06,City of London Police,City of London Police,-0.081902,51.517296,On or near Liverpool Street,E01032739,City of London 001F,Investigation complete; no suspect identified
1fd09cb6fc9c5b284e6a797dd8b4403b6e8b461a3ec5ca45a8007881e411110b,2025-06,City of London Police,City of London Police,-0.079907,51.517785,On or near Victoria Avenue,E01032739,City of London 001F,Unable to prosecute suspect
d1b6babcc4c67e254ffc989e613f013203559fb4f612cf736f40adfad909b676,2025-06,City of London Police,City of London Police,-0.085089,51.512105,On or near Gracechurch Street,E01032739,City of London 001F,Investigation complete; no suspect identified
104fb2c894c3ece6944e0480e716b45a36557e73c4c7d60bb14a826a4053e330,2025-06,City of London Police,City of London Police,-0.095704,51.516747,On or near Noble Street,E01000002,City of London 001B,Investigation complete; no suspect identified
4487142555d8814d50f61f352a679880f1fb8f93f7f4520acf2cbe6a82570835,2025-06,City of London Police,City of London Police,-0.075401,51.511164,On or near Supermarket,E01000005,City of London 001E,Unable to prosecute suspect
a0ae0ed872b1825d5fd65477e5161e81a36b41d0a7c1cd5298b5b4f6ce0b1b4a,2025-06,City of London Police,City of London Police,-0.078278,51.513666,On or near Mitre Street,E01032739,City of London 001F,Suspect charged
f0b855a16c3f99ad84f4c2a84af740f80b81feaa9ad25e7db8a0093807e1449e,2025-06,City of London Police,City of London Police,-0.091947,51.513188,On or near Pancras Lane,E01032739,City of London 001F,Investigation complete; no suspect identified
1d5705f23311ea6a2887d7c73bdcffdcd511374f93e517884d75476f6b543583,2025-06,City of London Police,City of London Police,-0.081512,51.518692,On or near London Liverpool Street,E01032739,City of London 001F,Investigation complete; no suspect identified
36516bccd3b7c5f299ba4e266bab07dcac0d2725cc9ff21a1a8e7becac53564f,2025-06,City of London Police,City of London Police,-0.079120,51.514912,On or near Bevis Marks,E01032739,City of London 001F,Unable to prosecute suspect
38b6342f8c46d42efff864be410f925c730ac63e9544693f5c46811b931f0754,2025-06,City of London Police,City of London Police,-0.061215,51.519078,On or near Shopping Area,E01004208,Tower Hamlets 013C,Unable to prosecute suspect
73b2633f03b7c06734804f0c965b1dcb2ce02c035c6d5a3900821bdc6ed44439,2025-06,City of London Police,City of London Police,-0.087772,51.510665,On or near Martin Lane,E01032739,City of London 001F,Investigation complete; no suspect identified
47f8ad045a9bf72ce28b83f9bb06ca088bafe3cb48157fce73f4096289f1c91b,2025-06,City of London Police,City of London Police,-0.084844,51.510725,On or near Eastcheap,E01032739,City of London 001F,Suspect charged
e8f6446c8cc026fc6dc109f95a28c3a405f3b19aa31ac90b9860ca1d93cd5717,2025-06,City of London Police,City of London Police,-0.098017,51.519689,On or near Cloth Street,E01032740,City of London 001G,Investigation complete; no suspect identified
2f4fb3b111f6f3abdd4b91e9d38bd2a97741a1033f0160ea19a3f600a2e751e7,2025-06,City of London Police,City of London Police,-0.079838,51.514267,On or near Bury Street,E01032739,City of London 001F,Investigation complete; no suspect identified
bd3b38719256928c873997f6e11fbac3b07568847b98d0d9df788de1411c74ea,2025-06,City of London Police,City of London Police,-0.078278,51.513666,On or near Mitre Street,E01032739,City of London 001F,Investigation complete; no suspect identified
7be31a6571541878566586577785c120b63f6188fd2fbdc9e8608211d465c3f2,2025-06,City of London Police,City of London Police,-0.109540,51.515721,On or near Rolls Buildings,E01032740,City of London 001G,Investigation complete; no suspect identified
93c25b2353cbea2061f0afef21feae16c5f69860e098c1b5c8745e4fe35b728f,2025-06,City of London Police,City of London Police,-0.087772,51.510665,On or near Martin Lane,E01032739,City of London 001F,Investigation complete; no suspect identified
e4637d4a02fd05976097989e204383ad3ac7215ba8a420283f9bebb6f8e8de37,2025-06,City of London Police,City of London Police,-0.078278,51.513666,On or near Mitre Street,E01032739,City of London 001F,Investigation complete; no suspect identified
ed880324ca2ce66f6db1b86ec26a0f938b0b6c9c2dc1bff0b97a7792eec8201e,2025-06,City of London Police,City of London Police,-0.106076,51.517239,On or near Conference/Exhibition Centre,E01032740,City of London 001G,Investigation complete; no suspect identified
5c356df8200de4c771a4125224c86055947c81c7e5c4b4575289d6d45c35c57a,2025-06,City of London Police,City of London Police,-0.078783,51.515383,On or near Houndsditch,E01000005,City of London 001E,Suspect charged
565a1274228795648d8e5b2810d50b585dcbf3426d4469f715865c556b90bee7,2025-06,City of London Police,City of London Police,,,No location,,,Investigation complete; no suspect identified
5d5b3fd4c83a7be8397d1584e2cf60fa3d3a5fd7cad5d3f69702b9640c240ab5,2025-06,City of London Police,City of London Police,-0.078278,51.513666,On or near Mitre Street,E01032739,City of London 001F,Unable to prosecute suspect
e18809b5c26411fb4b7bebedfbe0cdc80b9b618132c1bcd58e8347d0903184e4,2025-06,City of London Police,City of London Police,-0.079907,51.517785,On or near Victoria Avenue,E01032739,City of London 001F,Investigation complete; no suspect identified
3cfaaf4832df9bb648e92f7abc81d6fd339f406d732251040d32f04e5fdab696,2025-06,City of London Police,City of London Police,,,No location,,,Suspect charged
a9be236f2839bb7c2a4e45117acae74286d822b809fde1d50d6ec18a35a8c5dc,2025-06,City of London Police,City of London Police,-0.080365,51.508943,On or near Parking Area,E01032739,City of London 001F,Unable to prosecute suspect
204c75ccae1a6479fe88ae70555583046ff5c7cc5fc69022d979e0e06d41e500,2025-06,City of London Police,City of London Police,-0.094017,51.520901,On or near Theatre/Concert Hall,E01000003,City of London 001C,Investigation complete; no suspect identified
fdc53633b6090b1f70fbfef30070a91a975961ad8a2a8356cb46b8644909f175,2025-06,City of London Police,City of London Police,,,No location,,,Investigation complete; no suspect identified
22a2d0b219011a55eb5916d7411eba7062d84e3a0d454f8ff6e971c8e170bf00,2025-06,City of London Police,City of London Police,-0.079907,51.517785,On or near Victoria Avenue,E01032739,City of London 001F,Unable to prosecute suspect
297eccae9be10c9de4720f18f9f401f210592a7df108c160624a0a588dd90bf2,2025-06,City of London Police,City of London Police,-0.090553,51.518948,On or near Moor Lane,E01000002,City of London 001B,Suspect charged
05c979b89b9afe6346c16b751c40b3886aa88197b6030e757fe419f1fcfa7b11,2025-06,City of London Police,City of London Police,-0.073530,51.510405,On or near Parking Area,E01000005,City of London 001E,Investigation complete; no suspect identified
a961570543f3a8f311f9f8e1a997b22eb3aa8ad3e53b7f7ebded172c472f7485,2025-06,City of London Police,City of London Police,-0.090553,51.518948,On or near Moor Lane,E01000002,City of London 001B,Investigation complete; no suspect identified
3e4a07f3d118cca059605f48ded11fc024f3a77f99cf94e6aeb9e11636e0ae59,2025-06,City of London Police,City of London Police,-1.788051,53.623933,On or near Plantation Drive,E01011227,Kirklees 048C,Investigation complete; no suspect identified
7d5125f7d424f4156afc4beb158026d333dd4e545b5b04f2bc3b951b61e2cdee,2025-06,City of London Police,City of London Police,-0.095224,51.513736,On or near Shopping Area,E01032739,City of London 001F,Investigation complete; no suspect identified
60dae5f6b8e8a827d21a33024fb9783947ffc089dc710170522b645e2a1616e6,2025-06,City of London Police,City of London Police,,,No location,,,Unable to prosecute suspect
d838c3810b770fd6d36b629ef7f138ad1669c0ab15ce902e94af5321432e79fe,2025-06,City of London Police,City of London Police,-0.097078,51.519045,On or near A1,E01000001,City of London 001A,Investigation complete; no suspect identified
6623253e7dcb373c99eb3741602262427adf1dc6c53794abee7bfa3e9f1b84ce,2025-06,City of London Police,City of London Police,-0.103679,51.519080,On or near Charterhouse Street,E01002724,Islington 022D,Formal action is not in the public interest
f288aec5d45fbf793ab93b70956a9a0c250bb5603ac38dfdddd9662e8304199b,2025-06,City of London Police,City of London Police,,,No location,,,Investigation complete; no suspect identified
c10df1bdf55c265522b9ac1ad9762d643bb070f79f86c06ed9a56cc2ee6e3d22,2025-06,City of London Police,City of London Police,-0.104276,51.513712,On or near A201,E01032739,City of London 001F,Unable to prosecute suspect
faded5e81ec8765403c72ae21431a61604a0edc8309961ba9283966c705543d3,2025-06,City of London Police,City of London Police,-0.095258,51.520526,On or near Beech Street,E01000003,City of London 001C,Investigation complete; no suspect identified
22775fca0fdaee87be988e7fb52620d817f5ed5fd6b01342363486756b798ba8,2025-06,City of London Police,City of London Police,-0.089479,51.510864,On or near Gophir Lane,E01032739,City of London 001F,Investigation complete; no suspect identified
0cd8718f35649dece0142e40655f72520b84270184e97ef20008e5f3fe50db55,2025-06,City of London Police,City of London Police,-0.079138,51.508312,On or near Lower Thames Street,E01032739,City of London 001F,Investigation complete; no suspect identified
e3bc92da997f59c4142a48b35e930790e17fa382cc06826f33a8843df4f9e947,2025-06,City of London Police,City of London Police,-0.084836,51.511939,On or near Shopping Area,E01032739,City of London 001F,Investigation complete; no suspect identified
6069a61cf02b76df2e6603f4cb8b9005d3cb61dfa3c3bdf26701beb4a2df6dc1,2025-06,City of London Police,City of London Police,-0.084754,51.512882,On or near Corbet Court,E01032739,City of London 001F,Investigation complete; no suspect identified
94fb3620136b0e181ac953c2c261586ac10367f2463e22147c1126255dad1d2f,2025-06,City of London Police,City of London Police,-0.096984,51.522426,On or near Sports/Recreation Area,E01000003,City of London 001C,Investigation complete; no suspect identified
be355eccc44e06e0be28720c1d8d72bcc29886ebb3051ebdc7ef4a340eabc4f8,2025-06,City of London Police,City of London Police,-0.092036,51.511049,On or near College Street,E01032739,City of London 001F,Investigation complete; no suspect identified
186ecb5d33b71098bb143c030f4013797e39cefa8d0afa3a2acc035882dffba7,2025-06,City of London Police,City of London Police,-0.088785,51.517102,On or near Moorgate,E01032739,City of London 001F,Investigation complete; no suspect identified
9f6f0865fe7fdf2a57c999a835978279c5cc74c06aead2fdc01c8901fff9ffe7,2025-06,City of London Police,City of London Police,-0.088785,51.517102,On or near Moorgate,E01032739,City of London 001F,Unable to prosecute suspect
7c878c539fa8c1ddb0e2efb1094606765e1d7a44a128b8fc059fe9f30256f71d,2025-06,City of London Police,City of London Police,-0.095224,51.513736,On or near Shopping Area,E01032739,City of London 001F,Investigation complete; no suspect identified
02eb0d663c079b2f44bbfecdbf3cd597d51e6d237e68b999b0e946454b5e53e5,2025-06,City of London Police,City of London Police,-0.081113,51.516869,On or near Bishopsgate,E01032739,City of London 001F,Unable to prosecute suspect
0b0b0eb5731fe74c8819d5adc8c4830f5e3b4e589199ef140b72c54491e40c56,2025-06,City of London Police,City of London Police,-0.087157,51.512624,On or near Lombard Street,E01032739,City of London 001F,Unable to prosecute suspect
bc4768c0512802579a023885bbbcbdd0e3133935ff7108646de4a69f6ed6aa0c,2025-06,City of London Police,City of London Police,-0.104980,51.512033,On or near Kingscote Street,E01032740,City of London 001G,Investigation complete; no suspect identified
d31b41a80eaa1e9243fbacee5d87ab6e7fce1f1f60f75459eb8c391e85769850,2025-06,City of London Police,City of London Police,-0.092036,51.511049,On or near College Street,E01032739,City of London 001F,Unable to prosecute suspect
0bbd714d5a60945c9bb9672cae2c6f5ff9603ba186a44bffa1147f2e81c8072b,2025-06,City of London Police,City of London Police,-0.091947,51.513188,On or near Pancras Lane,E01032739,City of London 001F,Unable to prosecute suspect
58317126cf9e21b7ca20d8c68fcf7385a61a9311b040eb128867898385dd7377,2025-06,City of London Police,City of London Police,-0.088785,51.517102,On or near Moorgate,E01032739,City of London 001F,Suspect charged
66936b0828af98447aabfdf0e77d89729ffb7cab50af27a0402d215ca2d83ced,2025-06,City of London Police,City of London Police,-0.112953,51.518231,On or near Southampton Buildings,E01032740,City of London 001G,Investigation complete; no suspect identified
8c15c9fe219244c1cab56098a562e8c87731717bfc498ee25f9bb8114712a583,2025-06,City of London Police,City of London Police,-0.082993,51.516360,On or near Wormwood Street,E01032739,City of London 001F,Investigation complete; no suspect identified
be66d282405bc5aecdc9bada455b30350a6f92609f22577120dc0acfb25373f5,2025-06,City of London Police,City of London Police,-0.075401,51.511164,On or near Supermarket,E01000005,City of London 001E,Unable to prosecute suspect
7d21d5d613c99994e2618bb721a006755965191c3eba8fd3e4b2754ac5bf5fbd,2025-06,City of London Police,City of London Police,-0.107443,51.515534,On or near Printer Street,E01032740,City of London 001G,Investigation complete; no suspect identified
b612008f674154d3534db4d4732fa7f8202c44d58e4bdc0cbbf017a492a3e76f,2025-06,City of London Police,City of London Police,-0.079521,51.511196,On or near New London Street,E01032739,City of London 001F,Investigation complete; no suspect identified
55fbe8f1dad1043ef1f5e213a0135f74390f4544c3be9983ae6a8a2dba051ba0,2025-06,City of London Police,City of London Police,-0.079883,51.517326,On or near New Street,E01032739,City of London 001F,Unable to prosecute suspect
c4b43c1eb8e07aa3e4533f99a2635c83ba7f72b412cf0156ba214d0e7c9914aa,2025-06,City of London Police,City of London Police,-0.091540,51.511896,On or near Cannon Street,E01032739,City of London 001F,Unable to prosecute suspect
16990551d1d8997d4c75c40725c904a715086c874bea15a9b6094e52387b9ade,2025-06,City of London Police,City of London Police,-0.083977,51.510441,On or near Lovat Lane,E01032739,City of London 001F,Investigation complete; no suspect identified
286af7d16d139116d6b0b0e05f4ceddc07d83d388e22c136010f6f992a3594a4,2025-06,City of London Police,City of London Police,-0.079521,51.511196,On or near New London Street,E01032739,City of London 001F,Investigation complete; no suspect identified
847a5f19d3f64d43e93498f74820aa261977d243a49823a42f42354ba768eba9,2025-06,City of London Police,City of London Police,-0.079907,51.517785,On or near Victoria Avenue,E01032739,City of London 001F,Suspect charged
3fc712a788ac98b70120f4ced96045374484b251881a6d97cb9167d07ae6ae97,2025-06,City of London Police,City of London Police,,,No location,,,Investigation complete; no suspect identified
c1be78312de6e26699aac7df6450eca0aae4da0012bb9171b20872f28ec64862,2025-06,City of London Police,City of London Police,-0.076145,51.512642,On or near India Street,E01000005,City of London 001E,Unable to prosecute suspect
45c6a2b4a2840dae3b10f3aba5212a5de638fd31f21b05d68a7ce5b2ae164156,2025-06,City of London Police,City of London Police,-0.100201,51.513286,On or near Dean's Court,E01032739,City of London 001F,Unable to prosecute suspect
5657346504b389c55333de2c1b7dfb62a48d592b80b0a78f6392034f589a3d71,2025-06,City of London Police,City of London Police,-0.076145,51.512642,On or near India Street,E01000005,City of London 001E,Unable to prosecute suspect
17f3a200500caa85d9cef197046be4e65f402fcade37b777e8ec52545bc0b01a,2025-06,City of London Police,City of London Police,-0.085228,51.511190,On or near Talbot Court,E01032739,City of London 001F,Investigation complete; no suspect identified
b36158f13c4ec7b572cd894548d0ca842b7bb7a534857ed4c24e112808078ed4,2025-06,City of London Police,City of London Police,,,No location,,,Investigation complete; no suspect identified
20dba8ad4bf191775bcb1aa23a63e316d46e3eea129ffed9f4b805bb4eb63692,2025-06,City of London Police,City of London Police,-0.079883,51.517326,On or near New Street,E01032739,City of London 001F,Suspect charged
279eb0e034d632d031f9d67e46520c76cb200699fca97139334ea00ae2f362ea,2025-06,City of London Police,City of London Police,-0.109387,51.513839,On or near Old Mitre Court,E01032740,City of London 001G,Unable to prosecute suspect
dd2c8a1b6291da4eab19374717d0a6e46b94e39581c66438b428bd11f95fe2d6,2025-06,City of London Police,City of London Police,-0.085228,51.511190,On or near Talbot Court,E01032739,City of London 001F,Investigation complete; no suspect identified
1cd68e314472773d9451d1f65298982fb03c14405c422a5519e31a47b0e9992d,2025-06,City of London Police,City of London Police,-0.084910,51.512588,On or near Bell Inn Yard,E01032739,City of London 001F,Unable to prosecute suspect
5d15b4f64e9693911bfaa3442c0036607c3e676e193922b951e3fff96cbb2163,2025-06,City of London Police,City of London Police,-0.101292,51.514770,On or near Amen Court,E01032739,City of London 001F,Unable to prosecute suspect
fe40a8b327974f686a17dbb02bdaa79e5464ded18fc82da7090ade8d246213c7,2025-06,City of London Police,City of London Police,-0.087772,51.510665,On or near Martin Lane,E01032739,City of London 001F,Investigation complete; no suspect identified
258eaa3b0f2b051fcc701f66718f62b1b48d464502f7ac72249ac94921191dec,2025-06,City of London Police,City of London Police,-0.074330,51.513647,On or near Little Somerset Street,E01000005,City of London 001E,Investigation complete; no suspect identified
d168b25b0ca594866cba676b12d38844ef56c5df2314930048d15e0d99886d15,2025-06,City of London Police,City of London Police,-0.074330,51.513647,On or near Little Somerset Street,E01000005,City of London 001E,Unable to prosecute suspect
9abc33a127821dcba1596179c5fa47534489aed65bfdfc8978cfdc509fb1290c,2025-06,City of London Police,City of London Police,-0.163522,51.536344,On or near Cecil Grove,E01000967,Camden 017D,Unable to prosecute suspect
0c532c115b5b240dbf60c887ed3e3b70d5f75d1432eabc1cc6c1752ce09cb09c,2025-06,City of London Police,City of London Police,-0.095258,51.520526,On or near Beech Street,E01000003,City of London 001C,Unable to prosecute suspect
7833d42506b7e198aa0a64cef634d625b2ed4f801bfb661275e6942a6e11733e,2025-06,City of London Police,City of London Police,-0.079883,51.517326,On or near New Street,E01032739,City of London 001F,Suspect charged
7a7596ae56f5d82edb550931f3d9e3046038369441d6fdd6cfc3403257b303f9,2025-06,City of London Police,City of London Police,-0.081113,51.516869,On or near Bishopsgate,E01032739,City of London 001F,Unable to prosecute suspect
18be727ebd7e2246f92cdd62a26d4e5aa75be7ea7cf44f147f2ee683652aa764,2025-06,City of London Police,City of London Police,-0.081643,51.510070,On or near Great Tower Street,E01032739,City of London 001F,Investigation complete; no suspect identified
5e5ca87686894ad3c8d949438f21f3d9c154abd57cf1ee64b91a8cb3a7d68887,2025-06,City of London Police,City of London Police,-0.081113,51.516869,On or near Bishopsgate,E01032739,City of London 001F,Investigation complete; no suspect identified
5639a62bbcb5baea40d76a440d0d49602d2fbd2a983ef99196c2d8c73bc4536a,2025-06,City of London Police,City of London Police,-0.087157,51.512624,On or near Lombard Street,E01032739,City of London 001F,Suspect charged
b2405c0f46be93ccb95f801d42a04fcd43b89d458983ecb9257757486c2d2b93,2025-06,City of London Police,City of London Police,-0.083349,51.514830,On or near Shopping Area,E01032739,City of London 001F,Investigation complete; no suspect identified
be5ad15e5186a43363fe6f29cce5d06416d2e2da3cb933811650a4c92f607601,2025-06,City of London Police,City of London Police,-0.093845,51.518462,On or near Park/Open Space,E01000002,City of London 001B,Investigation complete; no suspect identified
4e5cde54b1460d23674d5603a364bc11f15fe86e51e0cabc3d775bb098c7ee7d,2025-06,City of London Police,City of London Police,-0.104980,51.512033,On or near Kingscote Street,E01032740,City of London 001G,Investigation complete; no suspect identified
f2be74e83bbd5c413f0e9882b7371c76dce8e0bbb0e074d0f0c338e12a08a286,2025-06,City of London Police,City of London Police,-0.078783,51.515383,On or near Houndsditch,E01000005,City of London 001E,Unable to prosecute suspect
f4b913fedf4d104d2cb3d4fb1adcd2333523a7ff4a56842a8fee0422f8f300d3,2025-06,City of London Police,City of London Police,-0.095224,51.513736,On or near Shopping Area,E01032739,City of London 001F,Unable to prosecute suspect
b9c3d125a316c93331bc988ecfdac371fe435b9f1d73d2a62bfcff9b8ce216ac,2025-06,City of London Police,City of London Police,-0.077563,51.517656,On or near Sandy's Row,E01032739,City of London 001F,Investigation complete; no suspect identified
46a0bd626c1d55c1b22a02f91f531eef3a9595b1b577baa60a3beb2f15335b38,2025-06,City of London Police,City of London Police,-0.078839,51.515753,On or near Cutler Street,E01000005,City of London 001E,Investigation complete; no suspect identified
6982be6d0d25355bb5af8c47be6afaa5f12c4d904ccdec83846155f9047fa49d,2025-06,City of London Police,City of London Police,-0.094130,51.519961,On or near Theatre/Concert Hall,E01000002,City of London 001B,Investigation complete; no suspect identified
49af161a3313d0cd19427cce353717a59c10fb1f68df9fc0b67ea933dd3fa1ae,2025-06,City of London Police,City of London Police,-0.101963,51.510761,On or near Ferry Terminal,E01032739,City of London 001F,Investigation complete; no suspect identified
9c2d6a4e0bc32dfbe073da06cba53738d948b078bbe04ea143c4f11828fa2f97,2025-06,City of London Police,City of London Police,-0.077804,51.518083,On or near Sandy's Row,E01032739,City of London 001F,Investigation complete; no suspect identified
7016d1601ca231f2fad11244a7d32c60a645b8cf7a7ef9d3889e8a3637a14829,2025-06,City of London Police,City of London Police,-0.095924,51.513882,On or near Shopping Area,E01032739,City of London 001F,Investigation complete; no suspect identified
055200198e299b5ef63dde625a3acb7b87d7bd1c2da91b358cb2e9c82c3ac6f5,2025-06,City of London Police,City of London Police,-0.081973,51.515948,On or near A10,E01032739,City of London 001F,Investigation complete; no suspect identified
6431aee5b9c10492308dce45fe226887dc683f6b024747f8f7cbb41823dd91a9,2025-06,City of London Police,City of London Police,-0.095830,51.510967,On or near High Timber Street,E01032739,City of London 001F,Investigation complete; no suspect identified
0d46cd9cc27682a2ea633dcdcfd9f6ec1edd35958f3228ff1ec5646bd8bb7999,2025-06,City of London Police,City of London Police,-0.090578,51.509722,On or near Allhallows Lane,E01032739,City of London 001F,Unable to prosecute suspect
496f46f7bcfae8e415d4b1152ff58fd4876875fe6e1d392dfe03bc45682a8173,2025-06,City of London Police,City of London Police,,,No location,,,Investigation complete; no suspect identified
031fc822de3f3e73ecf3f291953bdd8c5d3f1da362009feead08ccd856b59a72,2025-06,City of London Police,City of London Police,-0.079907,51.517785,On or near Victoria Avenue,E01032739,City of London 001F,Investigation complete; no suspect identified
c967bb6d9462af658de97283fe620d657e00f354d37c17e7f95ae97749c9d637,2025-06,City of London Police,City of London Police,-0.079127,51.509607,On or near Byward Street,E01032739,City of London 001F,Investigation complete; no suspect identified
67c29cbbe7a2d05682ccdd92b120255d3d63cc96096b9695f6ebfd2907afe930,2025-06,City of London Police,City of London Police,-0.078477,51.509965,On or near Muscovy Street,E01032739,City of London 001F,Unable to prosecute suspect
5d2aa8432bc4a9c469c71369d821a7c70a33537814d8c9e4080d3c4b957d6be0,2025-06,City of London Police,City of London Police,-0.079907,51.517785,On or near Victoria Avenue,E01032739,City of London 001F,Investigation complete; no suspect identified
9f867b00c814c9590d3f692135e558df747010f8b1332748f7d3ea4420f84e57,2025-06,City of London Police,City of London Police,-0.081113,51.516869,On or near Bishopsgate,E01032739,City of London 001F,Investigation complete; no suspect identified
27177fcf3ac8cc667e052fefe4e3b0481029eeffce02b3af4d7f5e3b89b595a8,2025-06,City of London Police,City of London Police,-0.097291,51.514626,On or near Supermarket,E01032739,City of London 001F,Investigation complete; no suspect identified
8c6cb1e07beab7485c766a4d687837b429569d5eb114b97c88753b872c7ade85,2025-06,City of London Police,City of London Police,-0.099803,51.519026,On or near Cloth Fair,E01032740,City of London 001G,Suspect charged
26e8d327e31d877c2810fac231ca73ea026c99d3e33879cf17c6cc980f4b182d,2025-06,City of London Police,City of London Police,-0.095758,51.521667,On or near Fann Street,E01000003,City of London 001C,Action to be taken by another organisation
9b7f4790a28943a5795dc78931f266468c02bacf039bdd7b4a7b3a5ad4074c23,2025-06,City of London Police,City of London Police,,,No location,,,Suspect charged
4638cb55a30f2048de281e76658a2934bace30cbc6edc688c84425e31e194964,2025-06,City of London Police,City of London Police,,,No location,,,Action to be taken by another organisation
aedbb4f987e95014a7cb8a803a7f875c7d26b353e64a285d3c712c8dc2bd8d3f,2025-06,City of London Police,City of London Police,-0.079120,51.514912,On or near Bevis Marks,E01032739,City of London 001F,Suspect charged
25d145e9a2fc5274ba726c88547108fddb18c021e14276ee07fbb88d7b040964,2025-06,City of London Police,City of London Police,-0.077070,51.510877,On or near Cooper's Row,E01032739,City of London 001F,Investigation complete; no suspect identified
9dfc1f293f701c8520039e41a3743bf8d4e010921327779da08458711c1a9e3a,2025-06,City of London Police,City of London Police,-0.079120,51.514912,On or near Bevis Marks,E01032739,City of London 001F,Suspect charged
1f5aa035c0918cbc6c12663728bf96b66fdb1af51d1342b984bd3bd01b3353bf,2025-06,City of London Police,City of London Police,-0.079120,51.514912,On or near Bevis Marks,E01032739,City of London 001F,Suspect charged
1f09300c54b2e4c4473b7d99057da27413a00bcc73d1aebd7c5bc4ce3aab67d4,2025-06,City of London Police,City of London Police,-0.079883,51.517326,On or near New Street,E01032739,City of London 001F,Action to be taken by another organisation
217df1c1d1b038e0c41b5db1206dd1bdc33684a5a09f3383fa591629d2939e26,2025-06,City of London Police,City of London Police,-0.076425,51.516271,On or near Wentworth Street,E01000005,City of London 001E,Unable to prosecute suspect
3e46982176a9d4e704746e060ebee796fcab6c202a4236f5d992cdc89f2003d7,2025-06,City of London Police,City of London Police,-0.104980,51.512033,On or near Kingscote Street,E01032740,City of London 001G,Unable to prosecute suspect
631816b23d7a1505c83ff2eb8bafa168a970a60e905336421e41ef1d1a3a4476,2025-06,City of London Police,City of London Police,-0.101621,51.516906,On or near Giltspur Street,E01032740,City of London 001G,Unable to prosecute suspect
c03c7adcc9597ae6a8d67de85b93ac566578db5d416cba95481b76c0ed49220a,2025-06,City of London Police,City of London Police,-0.081902,51.517296,On or near Liverpool Street,E01032739,City of London 001F,Suspect charged
7a804209da086813857d8369adcd26a29eb19fd57623871d7e99c7f44c1fa56d,2025-06,City of London Police,City of London Police,-0.096114,51.520747,On or near Park/Open Space,E01000003,City of London 001C,Investigation complete; no suspect identified
90728b752e4c454f6df07bfc21e8fae7381d1ea123bdbcf9aecff3c835fa4688,2025-06,City of London Police,City of London Police,-0.076425,51.516271,On or near Wentworth Street,E01000005,City of London 001E,Further investigation is not in the public interest
1a472dee985cd28a53c00b7e5d73cf5b97ee689bec77df301aaff078583e7748,2025-06,City of London Police,City of London Police,-0.079907,51.517785,On or near Victoria Avenue,E01032739,City of London 001F,Suspect charged
62203c3f066ceec42d027f9d3c3b8622f00b92916f072fc962c2ecffa5c0b801,2025-06,City of London Police,City of London Police,-0.078278,51.513666,On or near Mitre Street,E01032739,City of London 001F,Investigation complete; no suspect identified
37af3ffd1890b918df773a253a3cf8a23422fc0c9b3a9a68c07d7fcc8e0564fc,2025-06,City of London Police,City of London Police,-0.097078,51.519045,On or near A1,E01000001,City of London 001A,Investigation complete; no suspect identified
94944a08fb023f49f6b8a0b5ebff8d5d7f4453ce62bef85da064c1b09323a0a4,2025-06,City of London Police,City of London Police,-0.098017,51.519689,On or near Cloth Street,E01032740,City of London 001G,Investigation complete; no suspect identified
1c6e282b0df54d017fa1d4db72c5d5e2b60ccb1fa70b6943aaa70f3f85f8bce3,2025-06,City of London Police,City of London Police,-0.078278,51.513666,On or near Mitre Street,E01032739,City of London 001F,Investigation complete; no suspect identified
0a93102add5db989e3d056f380191f4f21ba1da16a6c136d6563e87ab04123ad,2025-06,City of London Police,City of London Police,-0.090553,51.518948,On or near Moor Lane,E01000002,City of London 001B,Suspect charged
12023af8738ff50bc45d3851f1db84a06b8bc674e165ba9806885d85a8ec851f,2025-06,City of London Police,City of London Police,-0.090553,51.518948,On or near Moor Lane,E01000002,City of London 001B,Investigation complete; no suspect identified
25a6c050d4777c5e546e5953071133e48c07d9bd57a70fd4efb858c77373b34d,2025-06,City of London Police,City of London Police,-0.083349,51.514830,On or near Shopping Area,E01032739,City of London 001F,Investigation complete; no suspect identified
f733ed1fa569d7e8f6dd8950557413af0ee02c4eb1c52f8e9867114ff7a3b6a7,2025-06,City of London Police,City of London Police,-0.092488,51.520598,On or near Silk Street,E01000002,City of London 001B,Investigation complete; no suspect identified
bbf06b7d5007a32ed900fbd7c251ebd8aea3ee4964f1afde14f4a09466e9879a,2025-06,City of London Police,City of London Police,-0.094070,51.513079,On or near Watling Street,E01032739,City of London 001F,Suspect charged
4dfa385ad7d2fb5ab0afb19927541215060ec73c4e9856508f9712fac8659f48,2025-06,City of London Police,City of London Police,-0.094460,51.512024,On or near Great Trinity Lane,E01032739,City of London 001F,Unable to prosecute suspect
42b1a1fc01425bc20e7c8ea283389d2d6990acf6dabb2dec3849ab47f9c9d806,2025-06,City of London Police,City of London Police,-0.094759,51.521435,On or near Brackley Street,E01000003,City of London 001C,Investigation complete; no suspect identified
0e99539cbcdf6fba2c6985d07fce6958290892a8a023d9aa436537b1e4d37c16,2025-06,City of London Police,City of London Police,-0.096501,51.513874,On or near New Change,E01032739,City of London 001F,Investigation complete; no suspect identified
9fd757957085f441b9cae293605830e738e50b6196041f6333afdaee53a04a37,2025-06,City of London Police,City of London Police,-0.085228,51.511190,On or near Talbot Court,E01032739,City of London 001F,Investigation complete; no suspect identified
8a6a41a1f8a3c6bb281a7c39cb0fae72824a551c09829c8ef098c4e6acd02da4,2025-06,City of London Police,City of London Police,-0.098017,51.519689,On or near Cloth Street,E01032740,City of London 001G,Investigation complete; no suspect identified
eb0552c434d0c2ce3472e368695e15d4de8a94883b8ef4177b1398e5a903378b,2025-06,City of London Police,City of London Police,-0.089808,51.517461,On or near London Wall,E01032739,City of London 001F,Unable to prosecute suspect
730f48d48b85812701728278790fc7d78105f0f456d89dd60cdc4c7fdc9c6a75,2025-06,City of London Police,City of London Police,-0.081902,51.517296,On or near Liverpool Street,E01032739,City of London 001F,Unable to prosecute suspect
d9836cc439921a578075f715ad9772429cc2b8d866448966668cfb648a6b43f9,2025-06,City of London Police,City of London Police,-0.081512,51.518692,On or near London Liverpool Street,E01032739,City of London 001F,Local resolution
3fb23f53921d09ec32368758bf643eddc1d74c9c446ffd2288f705394ccabc3a,2025-06,City of London Police,City of London Police,-0.101359,51.518700,On or near Parking Area,E01032740,City of London 001G,Unable to prosecute suspect
60a028247bc349613fc445f3eb13ea97913bb1c92e168525b6dabc4b0575740f,2025-06,City of London Police,City of London Police,-0.095258,51.520526,On or near Beech Street,E01000003,City of London 001C,Investigation complete; no suspect identified
707b6c2e641d1b58686910b124379d451390e0d5778912b54f2979ec3c01825c,2025-06,City of London Police,City of London Police,-0.081643,51.510070,On or near Great Tower Street,E01032739,City of London 001F,Suspect charged
1a2a870aec572f5fde5356788233642cba56b0d583c583ed16b69a4ef21b88fb,2025-06,City of London Police,City of London Police,-0.101359,51.518700,On or near Parking Area,E01032740,City of London 001G,Investigation complete; no suspect identified
ba3e1a23675704b280c29968be2c063427f1121dcc89dd734e4c2623b57c7d3b,2025-06,City of London Police,City of London Police,-0.078477,51.509965,On or near Muscovy Street,E01032739,City of London 001F,Investigation complete; no suspect identified
4aacc7e39a8e149f1a0b2dedddcc8641f9acbc87b592ee7b2112689e14c2f40a,2025-06,City of London Police,City of London Police,-0.081113,51.516869,On or near Bishopsgate,E01032739,City of London 001F,Investigation complete; no suspect identified
c6626e4fefef004350c150f058f9a7f8efb7e854c3146fe5b1ea13147aae92fe,2025-06,City of London Police,City of London Police,,,No location,,,Unable to prosecute suspect
32d15e275de081f60228530a5b751cea9cb4401b6e820c51425fd67ea49f1f9f,2025-06,City of London Police,City of London Police,-0.078278,51.513666,On or near Mitre Street,E01032739,City of London 001F,Investigation complete; no suspect identified
6c83137be15f5b4c5bc5ec682420d7208d1903f6765bdb0a23a0ed5ca3775898,2025-06,City of London Police,City of London Police,-0.092374,51.519517,On or near Further/Higher Educational Building,E01000002,City of London 001B,Investigation complete; no suspect identified
719755e4571d016138db94319c01aeeaf7d62459adda970b9915198ad8fa2957,2025-06,City of London Police,City of London Police,-0.084844,51.510725,On or near Eastcheap,E01032739,City of London 001F,Unable to prosecute suspect
c6bca4225c02cf0e7e1e3bf73d6bdc6b41ae98278c86ed4b3ecfacb2d685a335,2025-06,City of London Police,City of London Police,-0.079838,51.514267,On or near Bury Street,E01032739,City of London 001F,Unable to prosecute suspect
1975767567ee1671b10967caf553d50e184dd3a1607618bdc7f2abb15bca3ceb,2025-06,City of London Police,City of London Police,-0.081113,51.516869,On or near Bishopsgate,E01032739,City of London 001F,Investigation complete; no suspect identified
fde42ad92db90b0aface164f2a37d3655558cd477c475a13b919fa1dd58776aa,2025-06,City of London Police,City of London Police,-0.081902,51.517296,On or near Liverpool Street,E01032739,City of London 001F,Unable to prosecute suspect
a40913b00ca4d6620763d1aab0dd057e85d70956d15aa9de2cf7b03e50a4452c,2025-06,City of London Police,City of London Police,-0.093339,51.511557,On or near Conference/Exhibition Centre,E01032739,City of London 001F,Investigation complete; no suspect identified
d05c94477533d614f8aaaf7de625ddcf361ecb670ade8a2a74756d9d10adadb4,2025-06,City of London Police,City of London Police,-0.081902,51.517296,On or near Liverpool Street,E01032739,City of London 001F,Investigation complete; no suspect identified
eb54b3181e10068859c63c0ad2804c7d2ddcb9b07f89eaefb732f89052274245,2025-06,City of London Police,City of London Police,-0.085228,51.511190,On or near Talbot Court,E01032739,City of London 001F,Investigation complete; no suspect identified
ae470c3df2788e070801d20ea554b1bfdf4faa9b527f824d0c85905d8ffcf32d,2025-06,City of London Police,City of London Police,-0.092633,51.509872,On or near Bell Wharf Lane,E01032739,City of London 001F,Investigation complete; no suspect identified
