Type,Date,Part of a policing operation,Policing operation,Latitude,Longitude,Gender,Age range,Self-defined ethnicity,Officer-defined ethnicity,Legislation,Object of search,Outcome,Outcome linked to object of search,Removal of more than just outer clothing
Person and Vehicle search,2025-02-01T00:42:59+00:00,,,,,Male,25-34,Asian/Asian British - Pakistani,Asian,Misuse of Drugs Act 1971 (section 23),Controlled drugs,Community resolution,True,False
Person search,2025-02-01T01:10:10+00:00,,,51.468050,-2.567044,Male,10-17,,White,Police and Criminal Evidence Act 1984 (section 1),Offensive weapons,Arrest,,False
Person search,2025-02-01T03:32:39+00:00,,,51.128868,-3.004446,Male,25-34,White - English/Welsh/Scottish/Northern Irish/British,White,Police and Criminal Evidence Act 1984 (section 1),Offensive weapons,Arrest,,False
Person search,2025-02-01T11:52:22+00:00,,,,,Male,25-34,,,,,,,
Person search,2025-02-01T13:18:44+00:00,,,,,Female,over 34,White - English/Welsh/Scottish/Northern Irish/British,White,Misuse of Drugs Act 1971 (section 23),Controlled drugs,A no further action disposal,,False
Person search,2025-02-01T13:18:44+00:00,,,,,Female,18-24,Mixed/Multiple ethnic groups - Any other Mixed/Multiple ethnic background,Mixed,Misuse of Drugs Act 1971 (section 23),Controlled drugs,A no further action disposal,,False
Person and Vehicle search,2025-02-01T14:40:00+00:00,,,51.476081,-2.539930,Male,over 34,White - Any other White background,White,Misuse of Drugs Act 1971 (section 23),Controlled drugs,A no further action disposal,,False
Person search,2025-02-01T14:46:00+00:00,,,51.715914,-1.208088,Male,10-17,White - English/Welsh/Scottish/Northern Irish/British,White,Police and Criminal Evidence Act 1984 (section 1),Stolen goods,A no further action disposal,,False
Person search,2025-02-01T16:38:04+00:00,,,51.458559,-2.589740,Female,over 34,White - English/Welsh/Scottish/Northern Irish/British,White,Police and Criminal Evidence Act 1984 (section 1),Stolen goods,Arrest,True,False
Person search,2025-02-01T17:29:14+00:00,,,,,Male,over 34,White - English/Welsh/Scottish/Northern Irish/British,White,Police and Criminal Evidence Act 1984 (section 1),Stolen goods,A no further action disposal,True,False
Person search,2025-02-01T22:17:34+00:00,,,51.434782,-2.611444,Male,25-34,Other ethnic group - Not stated,White,Police and Criminal Evidence Act 1984 (section 1),Article for use in theft,Arrest,,False
Vehicle search,2025-02-02T00:00:00+00:00,,,51.490812,-2.676375,,,,,Misuse of Drugs Act 1971 (section 23),Controlled drugs,A no further action disposal,,
Vehicle search,2025-02-02T00:00:00+00:00,,,,,,,,,Misuse of Drugs Act 1971 (section 23),Controlled drugs,A no further action disposal,,
Person search,2025-02-02T01:49:19+00:00,,,51.458897,-2.581526,Male,18-24,White - English/Welsh/Scottish/Northern Irish/British,White,Police and Criminal Evidence Act 1984 (section 1),Offensive weapons,A no further action disposal,,False
Person search,2025-02-02T01:54:04+00:00,,,50.940553,-2.628050,Male,10-17,Other ethnic group - Not stated,White,Police and Criminal Evidence Act 1984 (section 1),Offensive weapons,Arrest,,False
Person search,2025-02-02T02:32:14+00:00,,,51.387994,-2.683725,Male,10-17,White - English/Welsh/Scottish/Northern Irish/British,White,Firearms Act 1968 (section 47),Firearms,A no further action disposal,,False
Person search,2025-02-02T02:32:14+00:00,,,51.387901,-2.684284,Male,18-24,White - English/Welsh/Scottish/Northern Irish/British,White,Firearms Act 1968 (section 47),Firearms,A no further action disposal,,False
Person search,2025-02-02T02:32:14+00:00,,,51.387901,-2.684284,,10-17,Other ethnic group - Not stated,White,Firearms Act 1968 (section 47),Firearms,A no further action disposal,,False
Person search,2025-02-02T02:32:14+00:00,,,51.386729,-2.680156,Male,18-24,Other ethnic group - Not stated,White,Firearms Act 1968 (section 47),Evidence of offences under the Act,A no further action disposal,,False
Person search,2025-02-02T02:32:14+00:00,,,51.386729,-2.680156,Male,10-17,White - English/Welsh/Scottish/Northern Irish/British,White,Firearms Act 1968 (section 47),Firearms,A no further action disposal,,False
Person and Vehicle search,2025-02-02T03:47:14+00:00,,,51.455153,-2.603613,Male,25-34,Other ethnic group - Any other ethnic group,Mixed,Misuse of Drugs Act 1971 (section 23),Controlled drugs,A no further action disposal,True,False
Person and Vehicle search,2025-02-02T03:47:14+00:00,,,51.455153,-2.603613,Male,25-34,Other ethnic group - Not stated,,Misuse of Drugs Act 1971 (section 23),Controlled drugs,Arrest,,False
Person search,2025-02-02T05:36:44+00:00,,,51.447186,-2.548798,Male,,White - English/Welsh/Scottish/Northern Irish/British,White,Police and Criminal Evidence Act 1984 (section 1),Article for use in theft,A no further action disposal,,False
Person search,2025-02-02T05:36:44+00:00,,,51.447186,-2.548798,Male,10-17,White - English/Welsh/Scottish/Northern Irish/British,White,Police and Criminal Evidence Act 1984 (section 1),Article for use in theft,Arrest,False,False
Person search,2025-02-02T09:03:09+00:00,,,51.457049,-2.567886,Male,25-34,Other ethnic group - Not stated,Other,Misuse of Drugs Act 1971 (section 23),Controlled drugs,Community resolution,False,False
Person search,2025-02-02T14:14:42+00:00,,,,,Male,over 34,Other ethnic group - Not stated,White,Misuse of Drugs Act 1971 (section 23),Controlled drugs,Community resolution,,False
Person search,2025-02-02T16:04:34+00:00,,,51.402308,-2.459147,Male,over 34,White - Any other White background,White,Misuse of Drugs Act 1971 (section 23),Controlled drugs,Arrest,True,False
Person search,2025-02-02T17:22:54+00:00,,,51.346495,-2.954091,Male,18-24,White - English/Welsh/Scottish/Northern Irish/British,White,Misuse of Drugs Act 1971 (section 23),Controlled drugs,A no further action disposal,,False
Person search,2025-02-02T17:22:54+00:00,,,51.346495,-2.954091,Male,18-24,White - English/Welsh/Scottish/Northern Irish/British,White,Misuse of Drugs Act 1971 (section 23),Controlled drugs,A no further action disposal,,False
Person search,2025-02-02T17:22:54+00:00,,,51.346495,-2.954091,Male,18-24,White - English/Welsh/Scottish/Northern Irish/British,White,Misuse of Drugs Act 1971 (section 23),Controlled drugs,Khat or Cannabis warning,True,False
Person search,2025-02-02T17:22:54+00:00,,,51.346495,-2.954091,Male,18-24,White - English/Welsh/Scottish/Northern Irish/British,White,Misuse of Drugs Act 1971 (section 23),Controlled drugs,A no further action disposal,,False
Person search,2025-02-02T17:22:54+00:00,,,51.346495,-2.954091,Male,18-24,White - English/Welsh/Scottish/Northern Irish/British,White,Misuse of Drugs Act 1971 (section 23),Controlled drugs,A no further action disposal,,False
Person search,2025-02-02T17:22:54+00:00,,,51.346495,-2.954091,Male,10-17,,,Misuse of Drugs Act 1971 (section 23),Controlled drugs,A no further action disposal,,False
Person search,2025-02-02T17:34:34+00:00,,,51.377739,-2.359218,Male,18-24,Other ethnic group - Not stated,Asian,Misuse of Drugs Act 1971 (section 23),Controlled drugs,A no further action disposal,True,False
Person search,2025-02-03T02:48:09+00:00,,,,,Male,over 34,White - English/Welsh/Scottish/Northern Irish/British,White,Police and Criminal Evidence Act 1984 (section 1),Article for use in theft,A no further action disposal,,False
Person and Vehicle search,2025-02-03T09:21:20+00:00,,,51.170598,-2.937625,Male,18-24,White - English/Welsh/Scottish/Northern Irish/British,White,Misuse of Drugs Act 1971 (section 23),Controlled drugs,Arrest,,False
Person search,2025-02-03T12:33:04+00:00,,,51.394702,-2.352364,Male,25-34,White - English/Welsh/Scottish/Northern Irish/British,White,Police and Criminal Evidence Act 1984 (section 1),Offensive weapons,A no further action disposal,,False
Person and Vehicle search,2025-02-03T13:46:25+00:00,,,51.101544,-2.999812,Male,over 34,White - English/Welsh/Scottish/Northern Irish/British,White,Misuse of Drugs Act 1971 (section 23),Controlled drugs,Summons / charged by post,,False
Person search,2025-02-03T13:53:46+00:00,,,,,Male,25-34,,,,,,,
Person search,2025-02-03T15:44:48+00:00,,,51.227766,-2.894533,Male,18-24,White - English/Welsh/Scottish/Northern Irish/British,White,Police and Criminal Evidence Act 1984 (section 1),Controlled drugs,A no further action disposal,True,False
Person search,2025-02-03T16:43:39+00:00,,,51.460633,-2.586816,Female,over 34,White - English/Welsh/Scottish/Northern Irish/British,White,Police and Criminal Evidence Act 1984 (section 1),Offensive weapons,A no further action disposal,False,False
Person search,2025-02-03T16:43:39+00:00,,,51.460633,-2.586816,Male,over 34,Asian/Asian British - Any other Asian background,Asian,Police and Criminal Evidence Act 1984 (section 1),Offensive weapons,A no further action disposal,,False
Vehicle search,2025-02-03T17:40:00+00:00,,,,,,,,,Police and Criminal Evidence Act 1984 (section 1),Stolen goods,,True,
Person search,2025-02-03T19:18:54+00:00,,,51.544323,-2.567401,Male,18-24,White - English/Welsh/Scottish/Northern Irish/British,White,Misuse of Drugs Act 1971 (section 23),Controlled drugs,A no further action disposal,,False
Person search,2025-02-03T21:00:00+00:00,,,51.118657,-3.000767,Male,10-17,White - English/Welsh/Scottish/Northern Irish/British,White,Misuse of Drugs Act 1971 (section 23),Controlled drugs,A no further action disposal,,False
Person search,2025-02-03T21:30:00+00:00,,,51.118414,-3.004005,Male,10-17,Asian/Asian British - Indian,Asian,Misuse of Drugs Act 1971 (section 23),Controlled drugs,A no further action disposal,,False
Person and Vehicle search,2025-02-03T21:38:05+00:00,,,51.223930,-2.320929,Male,over 34,,,,,A no further action disposal,,
Person and Vehicle search,2025-02-03T21:38:05+00:00,,,51.223930,-2.320929,Male,over 34,White - English/Welsh/Scottish/Northern Irish/British,White,Misuse of Drugs Act 1971 (section 23),Controlled drugs,A no further action disposal,,False
Person and Vehicle search,2025-02-03T21:38:05+00:00,,,51.223930,-2.320929,Male,over 34,White - English/Welsh/Scottish/Northern Irish/British,White,Misuse of Drugs Act 1971 (section 23),Controlled drugs,A no further action disposal,,False
Person and Vehicle search,2025-02-03T21:38:05+00:00,,,51.223930,-2.320929,Male,over 34,White - Any other White background,White,Misuse of Drugs Act 1971 (section 23),Controlled drugs,Arrest,,False
Person search,2025-02-03T23:44:06+00:00,,,51.373652,-2.384053,Male,over 34,,,Misuse of Drugs Act 1971 (section 23),Controlled drugs,A no further action disposal,,False
Person and Vehicle search,2025-02-04T21:21:05+00:00,,,51.140563,-2.974127,Female,10-17,White - English/Welsh/Scottish/Northern Irish/British,White,Misuse of Drugs Act 1971 (section 23),Controlled drugs,A no further action disposal,,False
Vehicle search,2025-02-05T00:00:00+00:00,,,51.497544,-2.664230,,,,,Misuse of Drugs Act 1971 (section 23),Controlled drugs,,True,
Vehicle search,2025-02-05T00:00:00+00:00,,,51.502375,-2.596846,,,,,Misuse of Drugs Act 1971 (section 23),Controlled drugs,,,
Person search,2025-02-05T01:33:40+00:00,,,51.449065,-2.607260,Male,,Other ethnic group - Not stated,White,Police and Criminal Evidence Act 1984 (section 1),Articles for use in criminal damage,A no further action disposal,,False
Person and Vehicle search,2025-02-05T12:07:21+00:00,,,,,Male,over 34,White - English/Welsh/Scottish/Northern Irish/British,White,Misuse of Drugs Act 1971 (section 23),Controlled drugs,Arrest,,False
Person and Vehicle search,2025-02-05T12:07:21+00:00,,,,,Male,25-34,White - English/Welsh/Scottish/Northern Irish/British,White,Misuse of Drugs Act 1971 (section 23),Controlled drugs,Arrest,,False
Person search,2025-02-05T12:27:15+00:00,,,51.454985,-2.588801,Male,25-34,Other ethnic group - Not stated,Black,Police and Criminal Evidence Act 1984 (section 1),Article for use in theft,Community resolution,,False
Person search,2025-02-05T12:44:45+00:00,,,51.469538,-2.564126,Male,10-17,Mixed/Multiple ethnic groups - White and Black African,Black,Police and Criminal Evidence Act 1984 (section 1),Offensive weapons,Arrest,,False
Person search,2025-02-05T14:41:40+00:00,,,51.379049,-2.360592,Female,18-24,White - English/Welsh/Scottish/Northern Irish/British,White,Police and Criminal Evidence Act 1984 (section 1),Stolen goods,A no further action disposal,,False
Person and Vehicle search,2025-02-05T19:47:10+00:00,,,51.451091,-2.557811,Male,18-24,White - Any other White background,White,Misuse of Drugs Act 1971 (section 23),Controlled drugs,Summons / charged by post,,False
Person search,2025-02-05T20:41:20+00:00,,,51.015277,-3.105858,Male,10-17,Other ethnic group - Not stated,White,Police and Criminal Evidence Act 1984 (section 1),Article for use in theft,A no further action disposal,,False
Person search,2025-02-05T20:41:20+00:00,,,51.015277,-3.105858,Male,10-17,Other ethnic group - Not stated,White,Police and Criminal Evidence Act 1984 (section 1),Article for use in theft,A no further action disposal,,False
Person and Vehicle search,2025-02-05T23:00:45+00:00,,,51.173047,-2.414625,Male,25-34,White - English/Welsh/Scottish/Northern Irish/British,White,Misuse of Drugs Act 1971 (section 23),Controlled drugs,A no further action disposal,,False
Person and Vehicle search,2025-02-05T23:05:30+00:00,,,51.219103,-2.933097,Male,over 34,White - English/Welsh/Scottish/Northern Irish/British,White,Misuse of Drugs Act 1971 (section 23),Controlled drugs,A no further action disposal,,False
Person and Vehicle search,2025-02-05T23:05:30+00:00,,,51.219103,-2.933097,Female,25-34,,,Misuse of Drugs Act 1971 (section 23),Controlled drugs,A no further action disposal,,False
Person search,2025-02-06T00:33:55+00:00,,,51.231906,-2.330480,Male,18-24,White - English/Welsh/Scottish/Northern Irish/British,White,Misuse of Drugs Act 1971 (section 23),Controlled drugs,A no further action disposal,,False
Person search,2025-02-06T02:33:15+00:00,,,51.506529,-2.595085,Female,25-34,White - English/Welsh/Scottish/Northern Irish/British,White,Misuse of Drugs Act 1971 (section 23),Controlled drugs,A no further action disposal,,False
Person search,2025-02-06T02:39:00+00:00,,,51.490047,-2.584543,Male,25-34,White - Any other White background,White,Misuse of Drugs Act 1971 (section 23),Controlled drugs,Arrest,,False
Person search,2025-02-06T03:03:40+00:00,,,51.139555,-2.993443,Male,over 34,White - English/Welsh/Scottish/Northern Irish/British,Mixed,Police and Criminal Evidence Act 1984 (section 1),Offensive weapons,A no further action disposal,,False
Person search,2025-02-06T05:59:44+00:00,,,,,Male,over 34,White - English/Welsh/Scottish/Northern Irish/British,White,Misuse of Drugs Act 1971 (section 23),Controlled drugs,Khat or Cannabis warning,True,False
Person search,2025-02-06T13:13:52+00:00,,,51.347233,-2.975759,Male,25-34,White - English/Welsh/Scottish/Northern Irish/British,White,Police and Criminal Evidence Act 1984 (section 1),Offensive weapons,Arrest,True,False
Person search,2025-02-06T15:46:44+00:00,,,,,Female,over 34,White - English/Welsh/Scottish/Northern Irish/British,White,Police and Criminal Evidence Act 1984 (section 1),Article for use in theft,A no further action disposal,True,False
Person search,2025-02-06T18:34:22+00:00,,,51.226860,-2.987145,Male,over 34,White - English/Welsh/Scottish/Northern Irish/British,White,Misuse of Drugs Act 1971 (section 23),Controlled drugs,A no further action disposal,,False
Person search,2025-02-06T22:39:15+00:00,,,51.544007,-2.562119,Male,25-34,White - English/Welsh/Scottish/Northern Irish/British,White,Police and Criminal Evidence Act 1984 (section 1),Anything to threaten or harm anyone,Arrest,,False
Person and Vehicle search,2025-02-06T23:47:50+00:00,,,,,Male,25-34,White - Any other White background,White,Police and Criminal Evidence Act 1984 (section 1),,Arrest,False,False
Person search,2025-02-06T23:56:30+00:00,,,51.200225,-3.464979,Female,18-24,,White,Misuse of Drugs Act 1971 (section 23),Controlled drugs,Arrest,,False
Person search,2025-02-07T00:00:00+00:00,,,51.224085,-2.978150,Male,,White - English/Welsh/Scottish/Northern Irish/British,White,Misuse of Drugs Act 1971 (section 23),Controlled drugs,A no further action disposal,,False
Person search,2025-02-07T00:35:40+00:00,,,51.430173,-2.582426,Male,25-34,White - English/Welsh/Scottish/Northern Irish/British,White,Misuse of Drugs Act 1971 (section 23),Controlled drugs,A no further action disposal,True,False
Person and Vehicle search,2025-02-07T02:35:00+00:00,,,51.413710,-2.612370,Male,18-24,White - English/Welsh/Scottish/Northern Irish/British,White,Misuse of Drugs Act 1971 (section 23),Controlled drugs,Khat or Cannabis warning,True,False
Person and Vehicle search,2025-02-07T02:35:00+00:00,,,51.413710,-2.612370,Female,25-34,White - English/Welsh/Scottish/Northern Irish/British,White,Misuse of Drugs Act 1971 (section 23),Controlled drugs,A no further action disposal,True,False
Person and Vehicle search,2025-02-07T02:35:00+00:00,,,51.413710,-2.612370,Male,25-34,White - English/Welsh/Scottish/Northern Irish/British,White,Misuse of Drugs Act 1971 (section 23),Controlled drugs,Arrest,True,False
Person search,2025-02-07T11:58:45+00:00,,,50.930817,-2.644126,Male,over 34,Other ethnic group - Not stated,White,Police and Criminal Evidence Act 1984 (section 1),Offensive weapons,A no further action disposal,,False
Person search,2025-02-07T13:36:45+00:00,,,,,Male,10-17,,,,,,,
Person search,2025-02-07T13:47:46+00:00,,,,,Male,10-17,,,,,,,
Person search,2025-02-07T14:01:35+00:00,,,,,Female,over 34,White - English/Welsh/Scottish/Northern Irish/British,White,Police and Criminal Evidence Act 1984 (section 1),Stolen goods,Arrest,,False
Person search,2025-02-07T14:01:35+00:00,,,,,Male,18-24,White - English/Welsh/Scottish/Northern Irish/British,White,Police and Criminal Evidence Act 1984 (section 1),Stolen goods,Arrest,,False
Person search,2025-02-07T17:27:55+00:00,,,51.336270,-2.968420,Male,,Black/African/Caribbean/Black British - Caribbean,Black,Police and Criminal Evidence Act 1984 (section 1),Offensive weapons,A no further action disposal,,False
Person search,2025-02-07T17:27:55+00:00,,,51.336270,-2.968420,Male,10-17,Black/African/Caribbean/Black British - Caribbean,Black,Police and Criminal Evidence Act 1984 (section 1),Offensive weapons,A no further action disposal,,False
Person search,2025-02-07T17:27:55+00:00,,,51.336270,-2.968420,Male,,Black/African/Caribbean/Black British - Any other Black/African/Caribbean background,Black,Police and Criminal Evidence Act 1984 (section 1),Offensive weapons,A no further action disposal,,False
Person search,2025-02-07T17:27:55+00:00,,,51.336270,-2.968420,Male,,Black/African/Caribbean/Black British - African,Black,Police and Criminal Evidence Act 1984 (section 1),Offensive weapons,A no further action disposal,,False
Person search,2025-02-07T18:43:55+00:00,,,51.457175,-2.593248,Male,over 34,Black/African/Caribbean/Black British - African,Mixed,Police and Criminal Evidence Act 1984 (section 1),Offensive weapons,Arrest,True,False
Person search,2025-02-07T21:26:00+00:00,,,51.450083,-2.608468,Male,18-24,White - Irish,White,Police and Criminal Evidence Act 1984 (section 1),Offensive weapons,Arrest,,False
Person and Vehicle search,2025-02-07T22:21:50+00:00,,,,,Male,over 34,White - English/Welsh/Scottish/Northern Irish/British,White,Misuse of Drugs Act 1971 (section 23),Controlled drugs,A no further action disposal,,
Person and Vehicle search,2025-02-07T22:21:50+00:00,,,,,Female,,,,Misuse of Drugs Act 1971 (section 23),Controlled drugs,Community resolution,True,False
Person and Vehicle search,2025-02-07T22:21:50+00:00,,,,,Male,,,,Misuse of Drugs Act 1971 (section 23),Controlled drugs,A no further action disposal,True,False
Person and Vehicle search,2025-02-07T23:06:30+00:00,,,51.453117,-2.590288,Female,25-34,Other ethnic group - Not stated,White,Misuse of Drugs Act 1971 (section 23),Controlled drugs,A no further action disposal,True,False
Person and Vehicle search,2025-02-07T23:06:30+00:00,,,51.453117,-2.590288,Male,25-34,White - English/Welsh/Scottish/Northern Irish/British,White,Misuse of Drugs Act 1971 (section 23),Controlled drugs,A no further action disposal,True,False
Person search,2025-02-07T23:35:05+00:00,,,,,Male,10-17,White - English/Welsh/Scottish/Northern Irish/British,White,Misuse of Drugs Act 1971 (section 23),Controlled drugs,A no further action disposal,,False
Person search,2025-02-07T23:53:35+00:00,,,,,Female,18-24,White - English/Welsh/Scottish/Northern Irish/British,White,Police and Criminal Evidence Act 1984 (section 1),Offensive weapons,A no further action disposal,True,False
Vehicle search,2025-02-08T00:00:00+00:00,,,51.436581,-2.851837,,,,,Misuse of Drugs Act 1971 (section 23),Controlled drugs,,False,
Person and Vehicle search,2025-02-08T00:06:10+00:00,,,51.321130,-2.537276,Male,25-34,White - English/Welsh/Scottish/Northern Irish/British,White,Misuse of Drugs Act 1971 (section 23),Controlled drugs,Arrest,,False
Person search,2025-02-08T00:45:00+00:00,,,51.128048,-3.005629,Male,over 34,White - English/Welsh/Scottish/Northern Irish/British,White,Police and Criminal Evidence Act 1984 (section 1),Articles for use in criminal damage,A no further action disposal,,False
Person and Vehicle search,2025-02-08T01:47:40+00:00,,,51.449942,-2.601098,Male,18-24,Other ethnic group - Not stated,Black,Misuse of Drugs Act 1971 (section 23),Controlled drugs,A no further action disposal,True,False
Person and Vehicle search,2025-02-08T01:47:40+00:00,,,51.449942,-2.601098,Male,18-24,,,Misuse of Drugs Act 1971 (section 23),Controlled drugs,A no further action disposal,True,
Person and Vehicle search,2025-02-08T01:47:40+00:00,,,51.449942,-2.601098,Male,18-24,Other ethnic group - Not stated,Black,Misuse of Drugs Act 1971 (section 23),Controlled drugs,A no further action disposal,True,False
Person and Vehicle search,2025-02-08T01:47:40+00:00,,,51.449942,-2.601098,Male,18-24,Black/African/Caribbean/Black British - African,Black,Misuse of Drugs Act 1971 (section 23),Controlled drugs,A no further action disposal,True,False
Person and Vehicle search,2025-02-08T01:47:40+00:00,,,51.449942,-2.601098,Male,18-24,,,Misuse of Drugs Act 1971 (section 23),Controlled drugs,Community resolution,True,False
Person and Vehicle search,2025-02-08T01:56:11+00:00,,,51.457902,-2.607521,Male,18-24,Black/African/Caribbean/Black British - African,Black,Misuse of Drugs Act 1971 (section 23),Controlled drugs,Arrest,,False
Person search,2025-02-08T03:38:03+00:00,,,51.466007,-2.526826,Male,25-34,Other ethnic group - Not stated,White,Police and Criminal Evidence Act 1984 (section 1),Offensive weapons,A no further action disposal,False,False
Person search,2025-02-08T05:27:00+00:00,,,,,Male,18-24,Other ethnic group - Not stated,White,Police and Criminal Evidence Act 1984 (section 1),Article for use in theft,A no further action disposal,,False
Person search,2025-02-08T05:27:00+00:00,,,51.457339,-2.572884,Male,10-17,White - English/Welsh/Scottish/Northern Irish/British,White,Police and Criminal Evidence Act 1984 (section 1),Article for use in theft,A no further action disposal,,False
Person search,2025-02-08T10:42:01+00:00,,,50.981051,-3.214479,Female,18-24,Other ethnic group - Not stated,White,Police and Criminal Evidence Act 1984 (section 1),Offensive weapons,A no further action disposal,,False
Person search,2025-02-08T11:53:05+00:00,,,51.478716,-2.532070,Male,over 34,,,Police and Criminal Evidence Act 1984 (section 1),Stolen goods,Arrest,False,False
Person search,2025-02-08T13:58:15+00:00,,,,,Male,25-34,White - English/Welsh/Scottish/Northern Irish/British,White,Police and Criminal Evidence Act 1984 (section 1),Offensive weapons,Arrest,,False
Person search,2025-02-08T16:14:46+00:00,,,51.461980,-2.506153,Female,18-24,Other ethnic group - Not stated,White,Police and Criminal Evidence Act 1984 (section 1),Articles for use in criminal damage,A no further action disposal,,False
Person search,2025-02-08T16:14:46+00:00,,,51.461980,-2.506153,Male,18-24,Other ethnic group - Not stated,White,Police and Criminal Evidence Act 1984 (section 1),Articles for use in criminal damage,A no further action disposal,,False
Person and Vehicle search,2025-02-08T17:56:25+00:00,,,51.432925,-2.552713,Male,25-34,White - English/Welsh/Scottish/Northern Irish/British,White,Misuse of Drugs Act 1971 (section 23),Controlled drugs,A no further action disposal,,False
Person search,2025-02-08T20:45:15+00:00,,,50.935356,-2.633732,Female,18-24,White - English/Welsh/Scottish/Northern Irish/British,White,Police and Criminal Evidence Act 1984 (section 1),Offensive weapons,A no further action disposal,True,False
Person search,2025-02-09T02:21:45+00:00,,,51.458608,-2.557816,Female,25-34,White - English/Welsh/Scottish/Northern Irish/British,White,Police and Criminal Evidence Act 1984 (section 1),Offensive weapons,A no further action disposal,,False
Person search,2025-02-09T02:21:45+00:00,,,51.458608,-2.557816,Male,25-34,White - Any other White background,White,Firearms Act 1968 (section 47),Firearms,A no further action disposal,,False
Person search,2025-02-09T02:34:05+00:00,,,51.348525,-2.973963,Male,over 34,White - English/Welsh/Scottish/Northern Irish/British,White,Misuse of Drugs Act 1971 (section 23),Controlled drugs,A no further action disposal,,False
Person search,2025-02-09T02:34:05+00:00,,,51.348525,-2.973963,Male,18-24,Other ethnic group - Not stated,Mixed,Misuse of Drugs Act 1971 (section 23),Controlled drugs,Summons / charged by post,True,True
Person search,2025-02-09T02:55:30+00:00,,,51.448244,-2.593636,Male,25-34,Other ethnic group - Not stated,Black,Police and Criminal Evidence Act 1984 (section 1),Article for use in theft,A no further action disposal,,False
Person search,2025-02-09T02:55:30+00:00,,,51.448244,-2.593636,Male,,Other ethnic group - Not stated,Mixed,Police and Criminal Evidence Act 1984 (section 1),Article for use in theft,A no further action disposal,,False
Person search,2025-02-09T02:55:30+00:00,,,51.448244,-2.593636,Male,18-24,Other ethnic group - Not stated,Mixed,Police and Criminal Evidence Act 1984 (section 1),Article for use in theft,A no further action disposal,,False
Person search,2025-02-09T02:55:30+00:00,,,51.448244,-2.593636,Male,25-34,Other ethnic group - Not stated,Black,Police and Criminal Evidence Act 1984 (section 1),Article for use in theft,A no further action disposal,,False
Person search,2025-02-09T06:34:51+00:00,,,51.348525,-2.973963,Male,25-34,White - English/Welsh/Scottish/Northern Irish/British,White,Misuse of Drugs Act 1971 (section 23),Controlled drugs,Khat or Cannabis warning,True,False
Person search,2025-02-09T06:44:15+00:00,,,50.957374,-2.605112,Female,10-17,White - English/Welsh/Scottish/Northern Irish/British,White,Police and Criminal Evidence Act 1984 (section 1),Evidence of offences under the Act,A no further action disposal,,False
Person search,2025-02-09T06:44:15+00:00,,,50.957374,-2.605112,Female,10-17,White - English/Welsh/Scottish/Northern Irish/British,White,Police and Criminal Evidence Act 1984 (section 1),Evidence of offences under the Act,A no further action disposal,,False
Person and Vehicle search,2025-02-09T11:19:20+00:00,,,51.440576,-2.610773,Male,25-34,Other ethnic group - Not stated,White,Misuse of Drugs Act 1971 (section 23),Controlled drugs,Arrest,,False
Person search,2025-02-09T16:07:51+00:00,,,,,Male,25-34,White - English/Welsh/Scottish/Northern Irish/British,White,,,,,
Person search,2025-02-09T16:24:10+00:00,,,,,Male,25-34,White - English/Welsh/Scottish/Northern Irish/British,White,,,,,
Person search,2025-02-09T16:44:08+00:00,,,,,Male,25-34,White - English/Welsh/Scottish/Northern Irish/British,White,,,,,
Person search,2025-02-09T18:33:05+00:00,,,51.125749,-3.001164,Female,over 34,Other ethnic group - Not stated,White,Police and Criminal Evidence Act 1984 (section 1),Stolen goods,A no further action disposal,,False
Vehicle search,2025-02-10T00:00:00+00:00,,,51.470823,-2.600638,,,,,Misuse of Drugs Act 1971 (section 23),Controlled drugs,,True,
Person and Vehicle search,2025-02-10T01:56:45+00:00,,,51.129864,-2.994207,Male,25-34,White - Any other White background,White,Misuse of Drugs Act 1971 (section 23),Controlled drugs,Arrest,False,False
Person search,2025-02-10T03:03:00+00:00,,,,,,18-24,Other ethnic group - Not stated,,Police and Criminal Evidence Act 1984 (section 1),Anything to threaten or harm anyone,A no further action disposal,,False
Person search,2025-02-10T03:03:00+00:00,,,,,,18-24,Asian/Asian British - Pakistani,Asian,Police and Criminal Evidence Act 1984 (section 1),Anything to threaten or harm anyone,A no further action disposal,,False
Person search,2025-02-10T03:03:00+00:00,,,,,Male,10-17,Other ethnic group - Not stated,,Police and Criminal Evidence Act 1984 (section 1),Anything to threaten or harm anyone,A no further action disposal,,False
Person search,2025-02-10T03:03:00+00:00,,,,,Male,10-17,White - English/Welsh/Scottish/Northern Irish/British,White,Police and Criminal Evidence Act 1984 (section 1),Anything to threaten or harm anyone,A no further action disposal,,False
Person and Vehicle search,2025-02-10T10:09:20+00:00,,,51.410845,-2.615093,Female,over 34,White - English/Welsh/Scottish/Northern Irish/British,White,Misuse of Drugs Act 1971 (section 23),Controlled drugs,A no further action disposal,,False
Person search,2025-02-10T12:20:50+00:00,,,51.377427,-2.552834,,,Other ethnic group - Not stated,Asian,Police and Criminal Evidence Act 1984 (section 1),Articles for use in criminal damage,Community resolution,True,False
Person search,2025-02-10T13:34:55+00:00,,,51.419686,-2.598975,Male,18-24,White - English/Welsh/Scottish/Northern Irish/British,White,Police and Criminal Evidence Act 1984 (section 1),Offensive weapons,A no further action disposal,,False
Person search,2025-02-10T13:34:55+00:00,,,51.419686,-2.598975,Male,18-24,White - English/Welsh/Scottish/Northern Irish/British,White,Police and Criminal Evidence Act 1984 (section 1),Offensive weapons,Arrest,,False
Person search,2025-02-10T20:45:40+00:00,,,51.483467,-2.674639,Male,18-24,Other ethnic group - Not stated,Mixed,Police and Criminal Evidence Act 1984 (section 1),Offensive weapons,Arrest,,False
Person search,2025-02-10T20:45:40+00:00,,,51.483467,-2.674639,Male,10-17,Other ethnic group - Not stated,White,Police and Criminal Evidence Act 1984 (section 1),Offensive weapons,Arrest,,False
Person search,2025-02-10T20:58:50+00:00,,,51.529658,-2.599928,Female,18-24,White - English/Welsh/Scottish/Northern Irish/British,White,Police and Criminal Evidence Act 1984 (section 1),Article for use in theft,A no further action disposal,,False
Person search,2025-02-10T20:58:50+00:00,,,51.529658,-2.599928,Male,18-24,White - English/Welsh/Scottish/Northern Irish/British,White,Police and Criminal Evidence Act 1984 (section 1),Article for use in theft,A no further action disposal,,False
Person and Vehicle search,2025-02-10T22:46:45+00:00,,,51.426824,-2.586828,Female,18-24,White - English/Welsh/Scottish/Northern Irish/British,White,Misuse of Drugs Act 1971 (section 23),Controlled drugs,A no further action disposal,True,False
Person and Vehicle search,2025-02-10T22:46:45+00:00,,,51.426824,-2.586828,Male,25-34,White - English/Welsh/Scottish/Northern Irish/British,White,Misuse of Drugs Act 1971 (section 23),Controlled drugs,A no further action disposal,True,False
Person and Vehicle search,2025-02-10T22:46:45+00:00,,,51.426824,-2.586828,Male,18-24,White - English/Welsh/Scottish/Northern Irish/British,White,Misuse of Drugs Act 1971 (section 23),Controlled drugs,A no further action disposal,True,False
Person and Vehicle search,2025-02-10T22:46:45+00:00,,,51.426824,-2.586828,Female,25-34,White - English/Welsh/Scottish/Northern Irish/British,White,Misuse of Drugs Act 1971 (section 23),Controlled drugs,A no further action disposal,True,False
Vehicle search,2025-02-11T00:00:00+00:00,,,51.361499,-2.898774,,,,,Police and Criminal Evidence Act 1984 (section 1),Article for use in theft,,True,
Vehicle search,2025-02-11T00:00:00+00:00,,,51.281404,-3.011613,,,,,Police and Criminal Evidence Act 1984 (section 1),Article for use in theft,,,
Vehicle search,2025-02-11T00:00:00+00:00,,,51.372050,-2.396321,,,,,Misuse of Drugs Act 1971 (section 23),Controlled drugs,A no further action disposal,,
Person search,2025-02-11T00:38:50+00:00,,,51.377686,-2.353484,Female,,White - English/Welsh/Scottish/Northern Irish/British,White,Police and Criminal Evidence Act 1984 (section 1),Offensive weapons,A no further action disposal,,False
Person and Vehicle search,2025-02-11T02:19:55+00:00,,,51.403344,-2.592839,Male,25-34,Black/African/Caribbean/Black British - African,Black,Misuse of Drugs Act 1971 (section 23),Controlled drugs,Arrest,,False
Person search,2025-02-11T19:37:31+00:00,,,51.356530,-2.934021,Male,over 34,White - English/Welsh/Scottish/Northern Irish/British,White,Police and Criminal Evidence Act 1984 (section 1),Offensive weapons,Arrest,True,False
Vehicle search,2025-02-12T00:00:00+00:00,,,51.558206,-2.563592,,,,,Misuse of Drugs Act 1971 (section 23),Controlled drugs,A no further action disposal,,
Person search,2025-02-12T01:54:41+00:00,,,51.447731,-2.613070,Male,18-24,Other ethnic group - Not stated,White,Police and Criminal Evidence Act 1984 (section 1),Article for use in theft,A no further action disposal,,False
Person search,2025-02-12T03:03:16+00:00,,,51.422143,-2.591543,Female,over 34,White - English/Welsh/Scottish/Northern Irish/British,White,Misuse of Drugs Act 1971 (section 23),Controlled drugs,A no further action disposal,,False
Person search,2025-02-12T09:22:01+00:00,,,51.461821,-2.584729,Male,25-34,Mixed/Multiple ethnic groups - White and Black Caribbean,Mixed,Misuse of Drugs Act 1971 (section 23),Controlled drugs,A no further action disposal,,False
Person search,2025-02-12T09:22:01+00:00,,,51.461871,-2.585637,Male,18-24,Black/African/Caribbean/Black British - Any other Black/African/Caribbean background,Black,Misuse of Drugs Act 1971 (section 23),Controlled drugs,Arrest,True,False
Person search,2025-02-12T09:22:01+00:00,,,51.461821,-2.584729,Female,over 34,White - English/Welsh/Scottish/Northern Irish/British,White,Misuse of Drugs Act 1971 (section 23),Controlled drugs,A no further action disposal,,False
Person search,2025-02-12T11:13:37+00:00,,,51.467966,-2.563775,Male,over 34,White - English/Welsh/Scottish/Northern Irish/British,White,Misuse of Drugs Act 1971 (section 23),Article for use in theft,A no further action disposal,,False
Person search,2025-02-12T11:13:37+00:00,,,51.467966,-2.563775,Male,25-34,White - English/Welsh/Scottish/Northern Irish/British,White,Misuse of Drugs Act 1971 (section 23),Controlled drugs,Arrest,,False
Person search,2025-02-12T12:33:56+00:00,,,,,,,Other ethnic group - Not stated,White,Misuse of Drugs Act 1971 (section 23),Controlled drugs,A no further action disposal,,False
Person search,2025-02-12T13:29:20+00:00,,,,,Female,25-34,,,,,,,
Person search,2025-02-12T13:29:20+00:00,,,,,Male,25-34,,,,,,,
Person search,2025-02-12T13:29:20+00:00,,,,,Male,25-34,,,,,,,
Person search,2025-02-12T14:59:57+00:00,,,51.525605,-2.595396,Female,25-34,White - English/Welsh/Scottish/Northern Irish/British,White,Police and Criminal Evidence Act 1984 (section 1),Article for use in theft,Arrest,,False
Person search,2025-02-12T14:59:57+00:00,,,51.525605,-2.595396,Male,over 34,White - English/Welsh/Scottish/Northern Irish/British,White,Police and Criminal Evidence Act 1984 (section 1),Article for use in theft,Arrest,True,False
Person search,2025-02-12T15:54:31+00:00,,,51.486228,-2.610490,Male,25-34,Other ethnic group - Not stated,,Police and Criminal Evidence Act 1984 (section 1),Article for use in theft,Arrest,,False
Person search,2025-02-12T17:58:01+00:00,,,51.379472,-2.360595,Male,over 34,White - Any other White background,White,Misuse of Drugs Act 1971 (section 23),Controlled drugs,Arrest,True,False
Person search,2025-02-12T18:29:11+00:00,,,51.117617,-3.008774,Male,10-17,White - English/Welsh/Scottish/Northern Irish/British,White,Police and Criminal Evidence Act 1984 (section 1),Offensive weapons,Arrest,True,False
Person search,2025-02-12T21:40:18+00:00,,,51.462213,-2.591010,Male,25-34,Other ethnic group - Not stated,Other,Misuse of Drugs Act 1971 (section 23),Controlled drugs,Arrest,True,False
Person search,2025-02-13T13:49:21+00:00,,,51.125749,-3.001164,Female,over 34,White - English/Welsh/Scottish/Northern Irish/British,White,Police and Criminal Evidence Act 1984 (section 1),Offensive weapons,A no further action disposal,True,False
Person and Vehicle search,2025-02-13T14:46:46+00:00,,,51.456813,-2.575584,Male,18-24,Mixed/Multiple ethnic groups - White and Black Caribbean,Black,Misuse of Drugs Act 1971 (section 23),Controlled drugs,A no further action disposal,,False
Person and Vehicle search,2025-02-13T14:46:46+00:00,,,51.456813,-2.575584,Male,18-24,Mixed/Multiple ethnic groups - White and Black Caribbean,Asian,Misuse of Drugs Act 1971 (section 23),Controlled drugs,A no further action disposal,,False
Person and Vehicle search,2025-02-13T14:46:46+00:00,,,51.456813,-2.575584,Male,18-24,Mixed/Multiple ethnic groups - White and Black African,Black,Misuse of Drugs Act 1971 (section 23),Controlled drugs,Community resolution,True,False
Person and Vehicle search,2025-02-13T16:21:21+00:00,,,51.231644,-2.337281,Female,25-34,White - English/Welsh/Scottish/Northern Irish/British,White,Misuse of Drugs Act 1971 (section 23),Controlled drugs,A no further action disposal,,False
Person and Vehicle search,2025-02-13T16:21:21+00:00,,,51.231644,-2.337281,Male,over 34,White - English/Welsh/Scottish/Northern Irish/British,White,Misuse of Drugs Act 1971 (section 23),Controlled drugs,A no further action disposal,,False
Person search,2025-02-13T16:26:36+00:00,,,51.467897,-2.581726,Male,25-34,,Black,Police and Criminal Evidence Act 1984 (section 1),Offensive weapons,A no further action disposal,,False
Person search,2025-02-13T17:23:36+00:00,,,51.352359,-2.977864,Male,10-17,White - English/Welsh/Scottish/Northern Irish/British,White,Misuse of Drugs Act 1971 (section 23),Controlled drugs,A no further action disposal,,False
Person search,2025-02-13T18:25:46+00:00,,,51.432216,-2.624097,Male,18-24,White - English/Welsh/Scottish/Northern Irish/British,White,Misuse of Drugs Act 1971 (section 23),Controlled drugs,Community resolution,True,True
Person search,2025-02-13T18:25:46+00:00,,,51.432216,-2.624097,Female,18-24,White - English/Welsh/Scottish/Northern Irish/British,White,Misuse of Drugs Act 1971 (section 23),Controlled drugs,A no further action disposal,True,False
Person search,2025-02-13T19:02:05+00:00,,,51.457175,-2.593248,Male,over 34,White - English/Welsh/Scottish/Northern Irish/British,White,Misuse of Drugs Act 1971 (section 23),Controlled drugs,A no further action disposal,True,False
Person search,2025-02-13T22:17:46+00:00,,,51.457339,-2.572884,Male,over 34,Other ethnic group - Not stated,White,Police and Criminal Evidence Act 1984 (section 1),Article for use in theft,A no further action disposal,,False
Person and Vehicle search,2025-02-14T02:27:41+00:00,,,51.146644,-2.986676,Male,18-24,White - English/Welsh/Scottish/Northern Irish/British,White,Misuse of Drugs Act 1971 (section 23),Controlled drugs,Arrest,True,False
Person and Vehicle search,2025-02-14T02:27:41+00:00,,,51.146644,-2.986676,Male,25-34,White - English/Welsh/Scottish/Northern Irish/British,White,Misuse of Drugs Act 1971 (section 23),Controlled drugs,A no further action disposal,,False
Person and Vehicle search,2025-02-14T02:27:41+00:00,,,51.146644,-2.986676,Male,18-24,White - English/Welsh/Scottish/Northern Irish/British,,Misuse of Drugs Act 1971 (section 23),Controlled drugs,Arrest,,False
Person search,2025-02-14T03:13:55+00:00,,,50.977295,-3.233896,Male,18-24,White - English/Welsh/Scottish/Northern Irish/British,White,Police and Criminal Evidence Act 1984 (section 1),Offensive weapons,A no further action disposal,,False
Person search,2025-02-14T03:13:55+00:00,,,50.977295,-3.233896,Male,18-24,White - English/Welsh/Scottish/Northern Irish/British,White,Police and Criminal Evidence Act 1984 (section 1),Offensive weapons,A no further action disposal,,False
Person search,2025-02-14T03:13:55+00:00,,,50.977295,-3.233896,Male,18-24,White - English/Welsh/Scottish/Northern Irish/British,White,Police and Criminal Evidence Act 1984 (section 1),Offensive weapons,A no further action disposal,,False
Person and Vehicle search,2025-02-14T03:51:02+00:00,,,50.981709,-3.236606,Male,18-24,Black/African/Caribbean/Black British - Any other Black/African/Caribbean background,White,Police and Criminal Evidence Act 1984 (section 1),Offensive weapons,A no further action disposal,,False
Person search,2025-02-14T09:39:56+00:00,,,51.421663,-2.588929,Male,25-34,White - English/Welsh/Scottish/Northern Irish/British,White,Misuse of Drugs Act 1971 (section 23),Controlled drugs,A no further action disposal,,False
Person search,2025-02-14T15:47:36+00:00,,,51.504473,-2.672759,Male,18-24,Other ethnic group - Not stated,White,Misuse of Drugs Act 1971 (section 23),Controlled drugs,Caution (simple or conditional),True,False
Person search,2025-02-14T16:18:16+00:00,,,51.535361,-2.547956,Male,18-24,Black/African/Caribbean/Black British - African,Black,Police and Criminal Evidence Act 1984 (section 1),Article for use in theft,A no further action disposal,True,False
Person search,2025-02-14T17:01:48+00:00,,,51.535361,-2.547956,Female,10-17,Black/African/Caribbean/Black British - African,Black,Police and Criminal Evidence Act 1984 (section 1),Article for use in theft,A no further action disposal,True,False
Person search,2025-02-14T18:35:03+00:00,,,51.132868,-2.985553,Male,18-24,,,Misuse of Drugs Act 1971 (section 23),Controlled drugs,A no further action disposal,True,False
Person search,2025-02-14T18:58:12+00:00,,,51.132868,-2.985553,Male,25-34,White - English/Welsh/Scottish/Northern Irish/British,White,Misuse of Drugs Act 1971 (section 23),Controlled drugs,A no further action disposal,,False
Person search,2025-02-14T18:58:12+00:00,,,51.132868,-2.985553,Male,over 34,White - English/Welsh/Scottish/Northern Irish/British,White,Misuse of Drugs Act 1971 (section 23),Controlled drugs,A no further action disposal,,False
Vehicle search,2025-02-15T00:00:00+00:00,,,51.023144,-3.072225,,,,,Misuse of Drugs Act 1971 (section 23),Controlled drugs,,True,
Person and Vehicle search,2025-02-15T00:55:28+00:00,,,51.430567,-2.575484,Male,over 34,Other ethnic group - Not stated,White,Misuse of Drugs Act 1971 (section 23),Controlled drugs,A no further action disposal,,False
Person search,2025-02-15T01:34:36+00:00,,,51.347602,-2.980031,Male,18-24,Other ethnic group - Not stated,White,Police and Criminal Evidence Act 1984 (section 1),Offensive weapons,A no further action disposal,,False
Person and Vehicle search,2025-02-15T02:22:46+00:00,,,51.466546,-2.580284,Female,18-24,Other ethnic group - Not stated,Black,Misuse of Drugs Act 1971 (section 23),Controlled drugs,Khat or Cannabis warning,True,False
Person and Vehicle search,2025-02-15T02:22:46+00:00,,,51.462534,-2.593188,Female,18-24,,,Misuse of Drugs Act 1971 (section 23),Controlled drugs,Summons / charged by post,True,
Person and Vehicle search,2025-02-15T02:22:46+00:00,,,51.466546,-2.580284,Female,25-34,Other ethnic group - Not stated,Black,Misuse of Drugs Act 1971 (section 23),Controlled drugs,A no further action disposal,True,False
Person and Vehicle search,2025-02-15T04:05:26+00:00,,,50.924164,-2.681852,Male,25-34,White - English/Welsh/Scottish/Northern Irish/British,White,Misuse of Drugs Act 1971 (section 23),Controlled drugs,A no further action disposal,,False
Person and Vehicle search,2025-02-15T04:05:26+00:00,,,50.924164,-2.681852,Female,25-34,White - English/Welsh/Scottish/Northern Irish/British,White,Misuse of Drugs Act 1971 (section 23),Controlled drugs,A no further action disposal,,False
Person and Vehicle search,2025-02-15T04:05:26+00:00,,,50.924164,-2.681852,Male,over 34,,,Misuse of Drugs Act 1971 (section 23),Controlled drugs,A no further action disposal,,
Person search,2025-02-15T05:23:36+00:00,,,51.496651,-2.671002,Male,over 34,Other ethnic group - Not stated,,Police and Criminal Evidence Act 1984 (section 1),Article for use in theft,Arrest,True,False
Person search,2025-02-15T08:22:21+00:00,,,50.941381,-2.632929,Male,18-24,White - English/Welsh/Scottish/Northern Irish/British,White,Police and Criminal Evidence Act 1984 (section 1),Article for use in theft,A no further action disposal,,False
Person search,2025-02-15T08:22:21+00:00,,,50.941381,-2.632929,Male,10-17,Other ethnic group - Not stated,White,Police and Criminal Evidence Act 1984 (section 1),Stolen goods,A no further action disposal,,False
Person search,2025-02-15T08:22:21+00:00,,,50.941381,-2.632929,Male,10-17,White - English/Welsh/Scottish/Northern Irish/British,White,Police and Criminal Evidence Act 1984 (section 1),Article for use in theft,A no further action disposal,,False
Person search,2025-02-15T08:22:21+00:00,,,50.941381,-2.632929,Male,10-17,White - English/Welsh/Scottish/Northern Irish/British,White,Police and Criminal Evidence Act 1984 (section 1),Stolen goods,A no further action disposal,,False
Person search,2025-02-15T08:22:21+00:00,,,50.941381,-2.632929,Male,18-24,Other ethnic group - Not stated,White,Police and Criminal Evidence Act 1984 (section 1),Stolen goods,A no further action disposal,,False
Person search,2025-02-15T08:22:21+00:00,,,50.941381,-2.632929,Male,10-17,White - English/Welsh/Scottish/Northern Irish/British,White,Police and Criminal Evidence Act 1984 (section 1),Article for use in theft,A no further action disposal,,False
Person and Vehicle search,2025-02-15T11:44:00+00:00,,,51.099844,-2.982923,Male,25-34,White - Any other White background,White,Misuse of Drugs Act 1971 (section 23),Controlled drugs,Arrest,False,True
Person search,2025-02-15T16:36:26+00:00,,,51.429819,-2.545013,Male,10-17,White - Any other White background,White,Police and Criminal Evidence Act 1984 (section 1),Stolen goods,Arrest,,False
Person search,2025-02-15T16:36:26+00:00,,,51.429819,-2.545013,Male,10-17,White - Any other White background,White,Police and Criminal Evidence Act 1984 (section 1),Stolen goods,Arrest,,False
Person search,2025-02-15T18:19:51+00:00,,,51.478716,-2.532070,Male,over 34,White - English/Welsh/Scottish/Northern Irish/British,White,Police and Criminal Evidence Act 1984 (section 1),Offensive weapons,Arrest,True,False
Person search,2025-02-15T18:21:55+00:00,,,51.449942,-2.601098,Male,18-24,White - Any other White background,White,Misuse of Drugs Act 1971 (section 23),Controlled drugs,Summons / charged by post,True,False
Person search,2025-02-15T18:27:14+00:00,,,,,Male,25-34,Black/African/Caribbean/Black British - African,Black,Misuse of Drugs Act 1971 (section 23),Controlled drugs,Arrest,True,False
Person search,2025-02-15T18:43:06+00:00,,,51.456137,-2.590414,,25-34,White - English/Welsh/Scottish/Northern Irish/British,White,Misuse of Drugs Act 1971 (section 23),Controlled drugs,Community resolution,True,False
Person search,2025-02-15T18:47:24+00:00,,,51.454985,-2.588801,Male,18-24,Black/African/Caribbean/Black British - African,Black,Police and Criminal Evidence Act 1984 (section 1),Controlled drugs,A no further action disposal,,False
Person search,2025-02-15T18:47:29+00:00,,,51.456187,-2.591192,Male,18-24,Other ethnic group - Not stated,Asian,Misuse of Drugs Act 1971 (section 23),Controlled drugs,A no further action disposal,,False
Person search,2025-02-15T19:09:02+00:00,,,51.451403,-2.594886,Male,10-17,White - English/Welsh/Scottish/Northern Irish/British,White,Misuse of Drugs Act 1971 (section 23),Controlled drugs,Arrest,True,False
Person and Vehicle search,2025-02-15T20:28:21+00:00,,,51.482492,-2.477953,Male,25-34,White - English/Welsh/Scottish/Northern Irish/British,White,Misuse of Drugs Act 1971 (section 23),Controlled drugs,A no further action disposal,,False
Person and Vehicle search,2025-02-15T20:28:21+00:00,,,51.482492,-2.477953,Male,18-24,White - English/Welsh/Scottish/Northern Irish/British,White,Misuse of Drugs Act 1971 (section 23),Controlled drugs,Arrest,True,False
Person search,2025-02-15T21:37:19+00:00,,,,,Male,over 34,White - English/Welsh/Scottish/Northern Irish/British,White,,,,,
Person search,2025-02-15T22:08:56+00:00,,,51.456137,-2.590414,Male,18-24,Other ethnic group - Any other ethnic group,Mixed,Misuse of Drugs Act 1971 (section 23),Controlled drugs,A no further action disposal,True,False
Person and Vehicle search,2025-02-15T22:19:16+00:00,,,51.496373,-2.615206,Male,18-24,White - English/Welsh/Scottish/Northern Irish/British,White,Misuse of Drugs Act 1971 (section 23),Controlled drugs,A no further action disposal,,False
Person and Vehicle search,2025-02-15T22:19:16+00:00,,,51.496373,-2.615206,Male,18-24,White - English/Welsh/Scottish/Northern Irish/British,White,Misuse of Drugs Act 1971 (section 23),Controlled drugs,Summons / charged by post,True,False
Person and Vehicle search,2025-02-15T22:59:21+00:00,,,51.131167,-3.002738,Female,18-24,White - English/Welsh/Scottish/Northern Irish/British,White,Misuse of Drugs Act 1971 (section 23),Controlled drugs,A no further action disposal,,False
Person search,2025-02-15T23:27:41+00:00,,,51.226860,-2.987145,Female,over 34,White - English/Welsh/Scottish/Northern Irish/British,White,Misuse of Drugs Act 1971 (section 23),Controlled drugs,A no further action disposal,,False
Person and Vehicle search,2025-02-15T23:30:36+00:00,,,51.492866,-2.581785,Male,18-24,White - English/Welsh/Scottish/Northern Irish/British,White,Misuse of Drugs Act 1971 (section 23),Controlled drugs,Arrest,,False
Person and Vehicle search,2025-02-15T23:30:36+00:00,,,51.492866,-2.581785,Female,18-24,Other ethnic group - Not stated,White,Misuse of Drugs Act 1971 (section 23),Controlled drugs,A no further action disposal,,False
Person search,2025-02-16T00:54:21+00:00,,,51.347602,-2.980031,Male,18-24,Other ethnic group - Not stated,Mixed,Misuse of Drugs Act 1971 (section 23),Controlled drugs,A no further action disposal,,True
Person search,2025-02-16T00:54:21+00:00,,,,,Male,18-24,,,,,,,
Person search,2025-02-16T02:17:56+00:00,,,50.881648,-2.953816,Male,,Other ethnic group - Not stated,White,Police and Criminal Evidence Act 1984 (section 1),Stolen goods,A no further action disposal,True,False
Person search,2025-02-16T02:17:56+00:00,,,50.882277,-2.952777,Female,,Other ethnic group - Not stated,Mixed,Police and Criminal Evidence Act 1984 (section 1),Stolen goods,A no further action disposal,True,False
Person search,2025-02-16T02:35:21+00:00,,,51.500631,-2.578988,Male,25-34,White - English/Welsh/Scottish/Northern Irish/British,White,Police and Criminal Evidence Act 1984 (section 1),Anything to threaten or harm anyone,A no further action disposal,True,False
Person search,2025-02-16T10:33:01+00:00,,,51.428038,-2.614935,Male,18-24,White - English/Welsh/Scottish/Northern Irish/British,White,Police and Criminal Evidence Act 1984 (section 1),Article for use in theft,A no further action disposal,,False
Person search,2025-02-16T10:33:01+00:00,,,51.428038,-2.614935,Male,18-24,White - English/Welsh/Scottish/Northern Irish/British,White,Police and Criminal Evidence Act 1984 (section 1),Article for use in theft,A no further action disposal,,False
Person and Vehicle search,2025-02-16T14:40:06+00:00,,,51.124982,-2.975897,Male,18-24,,,,,Arrest,,
Person search,2025-02-16T16:06:18+00:00,,,51.469987,-2.566161,Male,over 34,,,Misuse of Drugs Act 1971 (section 23),Controlled drugs,A no further action disposal,,False
Person search,2025-02-16T17:23:46+00:00,,,51.454693,-2.578896,Male,25-34,White - Any other White background,White,Misuse of Drugs Act 1971 (section 23),Controlled drugs,Summons / charged by post,True,False
Person and Vehicle search,2025-02-16T20:25:00+00:00,,,51.506079,-2.593465,Male,18-24,,,Misuse of Drugs Act 1971 (section 23),Controlled drugs,Arrest,True,False
Person and Vehicle search,2025-02-16T20:38:11+00:00,,,51.101544,-2.999812,Male,over 34,White - English/Welsh/Scottish/Northern Irish/British,White,Misuse of Drugs Act 1971 (section 23),Controlled drugs,A no further action disposal,,False
Person and Vehicle search,2025-02-16T23:28:28+00:00,,,51.320363,-2.505654,Male,18-24,White - English/Welsh/Scottish/Northern Irish/British,White,Police and Criminal Evidence Act 1984 (section 1),Offensive weapons,A no further action disposal,,False
Person and Vehicle search,2025-02-17T00:01:31+00:00,,,51.458856,-2.556581,Male,18-24,White - Any other White background,White,Misuse of Drugs Act 1971 (section 23),Controlled drugs,Arrest,True,True
Person search,2025-02-17T01:21:16+00:00,,,51.407644,-2.606452,Female,10-17,Other ethnic group - Not stated,White,Police and Criminal Evidence Act 1984 (section 1),Articles for use in criminal damage,Khat or Cannabis warning,True,False
Person search,2025-02-17T02:38:17+00:00,,,51.023324,-3.103084,Male,25-34,White - Any other White background,White,Misuse of Drugs Act 1971 (section 23),Controlled drugs,Arrest,True,False
Person search,2025-02-17T04:10:46+00:00,,,51.019498,-3.066766,Male,over 34,Other ethnic group - Not stated,White,Police and Criminal Evidence Act 1984 (section 1),,A no further action disposal,,False
Person search,2025-02-17T08:54:01+00:00,,,51.457175,-2.593248,Male,over 34,White - English/Welsh/Scottish/Northern Irish/British,White,Police and Criminal Evidence Act 1984 (section 1),Offensive weapons,Arrest,True,False
Person and Vehicle search,2025-02-17T10:57:46+00:00,,,51.422663,-2.588213,Male,over 34,White - English/Welsh/Scottish/Northern Irish/British,White,Misuse of Drugs Act 1971 (section 23),Controlled drugs,Arrest,,False
Person and Vehicle search,2025-02-17T10:57:46+00:00,,,51.422663,-2.588213,Male,over 34,White - English/Welsh/Scottish/Northern Irish/British,White,Misuse of Drugs Act 1971 (section 23),Controlled drugs,Arrest,,False
Person and Vehicle search,2025-02-17T10:57:46+00:00,,,51.422663,-2.588213,Male,over 34,White - English/Welsh/Scottish/Northern Irish/British,White,Misuse of Drugs Act 1971 (section 23),Controlled drugs,A no further action disposal,,False
Person and Vehicle search,2025-02-17T10:57:46+00:00,,,51.422663,-2.588213,Male,over 34,White - English/Welsh/Scottish/Northern Irish/British,White,Misuse of Drugs Act 1971 (section 23),Controlled drugs,A no further action disposal,,False
Person and Vehicle search,2025-02-17T10:57:46+00:00,,,51.422663,-2.588213,Male,over 34,White - English/Welsh/Scottish/Northern Irish/British,White,Misuse of Drugs Act 1971 (section 23),Controlled drugs,A no further action disposal,,False
Person and Vehicle search,2025-02-17T10:57:46+00:00,,,51.422663,-2.588213,Female,over 34,White - English/Welsh/Scottish/Northern Irish/British,White,Misuse of Drugs Act 1971 (section 23),Controlled drugs,A no further action disposal,,False
Person and Vehicle search,2025-02-17T10:57:46+00:00,,,51.422663,-2.588213,Male,over 34,White - English/Welsh/Scottish/Northern Irish/British,White,Misuse of Drugs Act 1971 (section 23),Controlled drugs,A no further action disposal,,False
Person and Vehicle search,2025-02-17T10:57:46+00:00,,,51.422663,-2.588213,Female,over 34,White - English/Welsh/Scottish/Northern Irish/British,White,Misuse of Drugs Act 1971 (section 23),Controlled drugs,A no further action disposal,,False
Person and Vehicle search,2025-02-17T11:40:15+00:00,,,51.453237,-2.580504,Male,18-24,Black/African/Caribbean/Black British - African,Black,Misuse of Drugs Act 1971 (section 23),Controlled drugs,Arrest,True,True
Person and Vehicle search,2025-02-17T11:40:15+00:00,,,51.453237,-2.580504,Male,18-24,Black/African/Caribbean/Black British - African,Black,Misuse of Drugs Act 1971 (section 23),Controlled drugs,Arrest,True,False
Person search,2025-02-17T14:05:17+00:00,,,51.132368,-2.982999,Male,over 34,White - English/Welsh/Scottish/Northern Irish/British,White,Police and Criminal Evidence Act 1984 (section 1),Stolen goods,Arrest,,False
Person search,2025-02-17T14:45:06+00:00,,,51.461404,-2.592713,Female,25-34,White - English/Welsh/Scottish/Northern Irish/British,White,Police and Criminal Evidence Act 1984 (section 1),Stolen goods,A no further action disposal,True,False
Person and Vehicle search,2025-02-17T18:55:00+00:00,,,,,Male,25-34,White - Any other White background,White,Misuse of Drugs Act 1971 (section 23),Controlled drugs,Arrest,,False
Person and Vehicle search,2025-02-17T18:55:00+00:00,,,,,Male,25-34,White - English/Welsh/Scottish/Northern Irish/British,White,Misuse of Drugs Act 1971 (section 23),Controlled drugs,Arrest,,False
Person search,2025-02-17T21:17:31+00:00,,,51.490588,-2.564083,Male,10-17,Black/African/Caribbean/Black British - Any other Black/African/Caribbean background,Black,Misuse of Drugs Act 1971 (section 23),Controlled drugs,A no further action disposal,,False
Person and Vehicle search,2025-02-17T21:42:48+00:00,,,51.408251,-2.589638,Female,over 34,White - English/Welsh/Scottish/Northern Irish/British,White,Misuse of Drugs Act 1971 (section 23),Controlled drugs,Khat or Cannabis warning,True,False
Person and Vehicle search,2025-02-17T22:01:19+00:00,,,,,Male,over 34,Black/African/Caribbean/Black British - African,Black,Misuse of Drugs Act 1971 (section 23),Controlled drugs,Khat or Cannabis warning,True,False
Person search,2025-02-17T22:15:00+00:00,,,51.376249,-2.725031,Male,18-24,White - English/Welsh/Scottish/Northern Irish/British,White,Misuse of Drugs Act 1971 (section 23),Controlled drugs,Khat or Cannabis warning,,False
Vehicle search,2025-02-18T00:00:00+00:00,,,51.275026,-2.921571,,,,,Misuse of Drugs Act 1971 (section 23),Controlled drugs,Arrest,True,
Vehicle search,2025-02-18T00:00:00+00:00,,,51.465945,-2.544431,,,,,Misuse of Drugs Act 1971 (section 23),Controlled drugs,A no further action disposal,True,
Person search,2025-02-18T01:28:31+00:00,,,,,Male,over 34,,Other,Misuse of Drugs Act 1971 (section 23),Controlled drugs,Community resolution,,False
Person and Vehicle search,2025-02-18T02:04:56+00:00,,,,,Female,over 34,White - English/Welsh/Scottish/Northern Irish/British,White,Misuse of Drugs Act 1971 (section 23),Controlled drugs,Arrest,,False
Person and Vehicle search,2025-02-18T05:07:57+00:00,,,51.503404,-2.570898,Male,25-34,White - Any other White background,White,Misuse of Drugs Act 1971 (section 23),Controlled drugs,Summons / charged by post,,False
Person search,2025-02-18T09:08:31+00:00,,,51.443467,-2.616725,Male,over 34,White - English/Welsh/Scottish/Northern Irish/British,White,Police and Criminal Evidence Act 1984 (section 1),Stolen goods,Arrest,True,False
Person search,2025-02-18T13:01:31+00:00,,,51.423628,-2.580402,Male,25-34,Mixed/Multiple ethnic groups - White and Black Caribbean,Mixed,Police and Criminal Evidence Act 1984 (section 1),Offensive weapons,Arrest,,False
Person search,2025-02-18T18:30:12+00:00,,,51.345691,-2.946128,Male,10-17,Other ethnic group - Not stated,White,Misuse of Drugs Act 1971 (section 23),Controlled drugs,A no further action disposal,,False
Person search,2025-02-18T18:30:12+00:00,,,51.345691,-2.946128,Male,18-24,Other ethnic group - Not stated,White,Misuse of Drugs Act 1971 (section 23),Controlled drugs,Khat or Cannabis warning,True,False
Person search,2025-02-18T18:30:12+00:00,,,,,Male,18-24,White - English/Welsh/Scottish/Northern Irish/British,,,,,,
Person search,2025-02-18T18:30:12+00:00,,,51.345691,-2.946128,Male,18-24,White - Any other White background,White,Misuse of Drugs Act 1971 (section 23),Controlled drugs,Khat or Cannabis warning,,False
Person search,2025-02-18T18:30:12+00:00,,,,,Male,18-24,,White,,,,,
Person search,2025-02-18T18:34:36+00:00,,,51.474003,-2.557471,Male,25-34,White - Any other White background,White,Misuse of Drugs Act 1971 (section 23),Controlled drugs,Arrest,True,False
Person and Vehicle search,2025-02-18T21:06:16+00:00,,,51.469272,-2.485099,Male,10-17,,,Misuse of Drugs Act 1971 (section 23),Controlled drugs,Community resolution,True,False
Vehicle search,2025-02-19T00:00:00+00:00,,,51.503601,-2.563610,,,,,Misuse of Drugs Act 1971 (section 23),Controlled drugs,,,
Vehicle search,2025-02-19T00:00:00+00:00,,,51.491805,-2.563349,,,,,Misuse of Drugs Act 1971 (section 23),Controlled drugs,,,
Vehicle search,2025-02-19T00:00:00+00:00,,,51.544685,-2.431825,,,,,Police and Criminal Evidence Act 1984 (section 1),Stolen goods,,True,
Person and Vehicle search,2025-02-19T01:25:00+00:00,,,51.421017,-2.560781,Male,over 34,White - English/Welsh/Scottish/Northern Irish/British,White,Police and Criminal Evidence Act 1984 (section 1),Article for use in theft,A no further action disposal,,False
Person and Vehicle search,2025-02-19T01:32:07+00:00,,,51.506032,-2.654657,Male,25-34,White - English/Welsh/Scottish/Northern Irish/British,White,Misuse of Drugs Act 1971 (section 23),Controlled drugs,Arrest,False,False
Person and Vehicle search,2025-02-19T01:32:07+00:00,,,51.507985,-2.623057,Male,over 34,Mixed/Multiple ethnic groups - White and Black Caribbean,Black,Misuse of Drugs Act 1971 (section 23),Controlled drugs,Khat or Cannabis warning,True,False
Person search,2025-02-19T09:32:58+00:00,,,51.289984,-2.430334,Female,over 34,White - English/Welsh/Scottish/Northern Irish/British,White,Misuse of Drugs Act 1971 (section 23),Controlled drugs,A no further action disposal,,False
Person search,2025-02-19T13:38:00+00:00,,,51.218944,-2.974618,Male,over 34,White - English/Welsh/Scottish/Northern Irish/British,White,Misuse of Drugs Act 1971 (section 23),Controlled drugs,A no further action disposal,,False
Person search,2025-02-19T14:54:22+00:00,,,51.456677,-2.592162,Male,over 34,Other ethnic group - Not stated,White,Police and Criminal Evidence Act 1984 (section 1),Stolen goods,A no further action disposal,,False
Person search,2025-02-19T15:43:12+00:00,,,51.143417,-2.711624,Female,25-34,White - English/Welsh/Scottish/Northern Irish/British,White,Police and Criminal Evidence Act 1984 (section 1),Offensive weapons,A no further action disposal,,False
Person and Vehicle search,2025-02-19T16:16:27+00:00,,,51.494140,-2.467992,Male,over 34,White - English/Welsh/Scottish/Northern Irish/British,White,Misuse of Drugs Act 1971 (section 23),Controlled drugs,Arrest,,False
Person search,2025-02-19T16:52:21+00:00,,,,,Male,25-34,,,,,,,
Person and Vehicle search,2025-02-19T16:57:03+00:00,,,51.499846,-2.599248,Male,over 34,Asian/Asian British - Any other Asian background,Other,Misuse of Drugs Act 1971 (section 23),Controlled drugs,Caution (simple or conditional),,False
Person search,2025-02-19T17:55:03+00:00,,,51.468000,-2.558651,Male,over 34,White - English/Welsh/Scottish/Northern Irish/British,White,Misuse of Drugs Act 1971 (section 23),Controlled drugs,Arrest,True,False
Person search,2025-02-19T17:55:03+00:00,,,51.468000,-2.558651,Female,over 34,White - English/Welsh/Scottish/Northern Irish/British,White,Misuse of Drugs Act 1971 (section 23),Controlled drugs,Arrest,,False
Person and Vehicle search,2025-02-20T02:31:00+00:00,,,51.291064,-2.901284,Male,25-34,Black/African/Caribbean/Black British - African,Black,Police and Criminal Evidence Act 1984 (section 1),Article for use in theft,Arrest,,False
Person and Vehicle search,2025-02-20T02:31:00+00:00,,,51.291064,-2.901284,Male,25-34,,,Police and Criminal Evidence Act 1984 (section 1),Article for use in theft,Arrest,,False
Person search,2025-02-20T07:39:28+00:00,,,,,Male,over 34,White - English/Welsh/Scottish/Northern Irish/British,White,,,,,
Person search,2025-02-20T11:13:12+00:00,,,50.977861,-3.176477,Male,over 34,,White,Misuse of Drugs Act 1971 (section 23),Controlled drugs,Arrest,True,False
Person search,2025-02-20T12:45:52+00:00,,,51.381291,-2.398443,Male,25-34,White - Any other White background,White,Misuse of Drugs Act 1971 (section 23),Controlled drugs,A no further action disposal,True,False
Person search,2025-02-20T13:23:32+00:00,,,51.533652,-2.555691,Male,10-17,White - English/Welsh/Scottish/Northern Irish/British,White,Police and Criminal Evidence Act 1984 (section 1),Offensive weapons,Arrest,True,False
Person search,2025-02-20T13:23:32+00:00,,,51.533652,-2.555691,Male,10-17,White - English/Welsh/Scottish/Northern Irish/British,White,Police and Criminal Evidence Act 1984 (section 1),Offensive weapons,A no further action disposal,,False
Person search,2025-02-20T13:52:12+00:00,,,,,Male,over 34,White - English/Welsh/Scottish/Northern Irish/British,White,Misuse of Drugs Act 1971 (section 23),Controlled drugs,Community resolution,True,False
Person search,2025-02-20T14:06:10+00:00,,,,,Male,over 34,White - Any other White background,White,,,,,
Person search,2025-02-20T14:37:47+00:00,,,51.160731,-2.926714,Male,25-34,White - English/Welsh/Scottish/Northern Irish/British,White,Misuse of Drugs Act 1971 (section 23),Controlled drugs,Arrest,True,False
Person search,2025-02-20T14:37:47+00:00,,,51.160731,-2.926714,Male,18-24,Other ethnic group - Not stated,Black,Misuse of Drugs Act 1971 (section 23),Controlled drugs,A no further action disposal,False,True
Person and Vehicle search,2025-02-20T15:26:28+00:00,,,51.348562,-2.922730,Male,over 34,White - English/Welsh/Scottish/Northern Irish/British,White,Misuse of Drugs Act 1971 (section 23),Controlled drugs,A no further action disposal,,False
Person search,2025-02-20T15:31:47+00:00,,,51.385772,-2.364467,Male,25-34,Other ethnic group - Any other ethnic group,Black,Misuse of Drugs Act 1971 (section 23),Controlled drugs,Arrest,True,False
Vehicle search,2025-02-20T17:20:00+00:00,,,51.438582,-2.612056,,,,,Police and Criminal Evidence Act 1984 (section 1),Article for use in theft,A no further action disposal,,
Vehicle search,2025-02-21T00:00:00+00:00,,,51.336150,-2.943526,,,,,Misuse of Drugs Act 1971 (section 23),Controlled drugs,A no further action disposal,,
Person search,2025-02-21T10:28:08+00:00,,,51.469538,-2.564126,Female,25-34,Black/African/Caribbean/Black British - Caribbean,Black,Misuse of Drugs Act 1971 (section 23),Controlled drugs,Arrest,True,True
Person search,2025-02-21T11:19:22+00:00,,,51.010176,-3.120205,Female,18-24,White - English/Welsh/Scottish/Northern Irish/British,White,Misuse of Drugs Act 1971 (section 23),Controlled drugs,Khat or Cannabis warning,True,False
Person and Vehicle search,2025-02-21T15:54:27+00:00,,,51.452890,-2.563186,Male,18-24,Mixed/Multiple ethnic groups - Any other Mixed/Multiple ethnic background,Mixed,Misuse of Drugs Act 1971 (section 23),Controlled drugs,Summons / charged by post,,False
Person search,2025-02-21T15:56:22+00:00,,,,,Male,over 34,White - English/Welsh/Scottish/Northern Irish/British,White,Police and Criminal Evidence Act 1984 (section 1),Article for use in theft,Community resolution,True,False
Person search,2025-02-21T16:15:27+00:00,,,51.011571,-3.121697,Male,25-34,White - English/Welsh/Scottish/Northern Irish/British,White,Police and Criminal Evidence Act 1984 (section 1),Offensive weapons,A no further action disposal,,False
Person search,2025-02-21T23:08:27+00:00,,,51.348525,-2.973963,Male,25-34,White - English/Welsh/Scottish/Northern Irish/British,White,Police and Criminal Evidence Act 1984 (section 1),Stolen goods,A no further action disposal,,False
Person search,2025-02-21T23:59:13+00:00,,,51.347602,-2.980031,Female,18-24,Other ethnic group - Not stated,White,Misuse of Drugs Act 1971 (section 23),Controlled drugs,A no further action disposal,True,False
Person search,2025-02-22T00:27:42+00:00,,,51.431975,-2.546214,Male,25-34,White - English/Welsh/Scottish/Northern Irish/British,White,Police and Criminal Evidence Act 1984 (section 1),Offensive weapons,A no further action disposal,,False
Person and Vehicle search,2025-02-22T01:32:28+00:00,,,51.540537,-2.430214,Male,18-24,Other ethnic group - Not stated,Mixed,Misuse of Drugs Act 1971 (section 23),Controlled drugs,Community resolution,,False
Person and Vehicle search,2025-02-22T01:32:28+00:00,,,51.540537,-2.430214,Female,18-24,White - English/Welsh/Scottish/Northern Irish/British,White,Misuse of Drugs Act 1971 (section 23),Controlled drugs,A no further action disposal,,False
Person search,2025-02-22T01:44:17+00:00,,,51.280513,-2.773573,Male,10-17,White - English/Welsh/Scottish/Northern Irish/British,White,Police and Criminal Evidence Act 1984 (section 1),Articles for use in criminal damage,A no further action disposal,,False
Person search,2025-02-22T01:44:17+00:00,,,51.280513,-2.773573,Male,10-17,White - English/Welsh/Scottish/Northern Irish/British,White,Police and Criminal Evidence Act 1984 (section 1),Articles for use in criminal damage,A no further action disposal,,False
Person search,2025-02-22T01:44:17+00:00,,,51.281245,-2.771606,Male,10-17,White - English/Welsh/Scottish/Northern Irish/British,White,Police and Criminal Evidence Act 1984 (section 1),Article for use in theft,A no further action disposal,,False
Person search,2025-02-22T03:47:12+00:00,,,51.541967,-2.434928,Female,25-34,Other ethnic group - Not stated,White,Police and Criminal Evidence Act 1984 (section 1),Articles for use in criminal damage,A no further action disposal,,False
Person search,2025-02-22T14:44:47+00:00,,,51.391665,-2.391218,Male,18-24,White - English/Welsh/Scottish/Northern Irish/British,White,Police and Criminal Evidence Act 1984 (section 1),Offensive weapons,A no further action disposal,,False
Person search,2025-02-22T16:26:07+00:00,,,50.944936,-2.634059,Male,over 34,Other ethnic group - Not stated,White,Misuse of Drugs Act 1971 (section 23),Controlled drugs,A no further action disposal,True,False
Person search,2025-02-22T17:00:22+00:00,,,51.458856,-2.556581,Male,over 34,White - English/Welsh/Scottish/Northern Irish/British,White,Police and Criminal Evidence Act 1984 (section 1),Article for use in theft,A no further action disposal,,False
Person search,2025-02-22T17:00:22+00:00,,,,,Male,,Other ethnic group - Not stated,White,Police and Criminal Evidence Act 1984 (section 1),Article for use in theft,A no further action disposal,,False
Person search,2025-02-22T17:00:22+00:00,,,,,Male,over 34,Other ethnic group - Not stated,White,Police and Criminal Evidence Act 1984 (section 1),Article for use in theft,A no further action disposal,,False
Person search,2025-02-22T17:18:35+00:00,,,51.525403,-2.598546,Female,10-17,Mixed/Multiple ethnic groups - White and Black African,Mixed,Police and Criminal Evidence Act 1984 (section 1),Article for use in theft,,,False
Person search,2025-02-22T17:18:35+00:00,,,51.525403,-2.598546,Female,10-17,White - English/Welsh/Scottish/Northern Irish/British,White,Police and Criminal Evidence Act 1984 (section 1),Article for use in theft,A no further action disposal,,False
Person search,2025-02-22T17:18:35+00:00,,,51.525403,-2.598546,Female,10-17,Mixed/Multiple ethnic groups - White and Black Caribbean,Mixed,Police and Criminal Evidence Act 1984 (section 1),Article for use in theft,A no further action disposal,False,False
Person search,2025-02-22T17:45:07+00:00,,,,,Male,25-34,White - English/Welsh/Scottish/Northern Irish/British,,Misuse of Drugs Act 1971 (section 23),Controlled drugs,A no further action disposal,True,False
Person search,2025-02-22T20:47:07+00:00,,,51.348432,-2.976474,Male,25-34,White - Any other White background,White,Misuse of Drugs Act 1971 (section 23),Controlled drugs,A no further action disposal,,False
Person search,2025-02-22T22:24:32+00:00,,,,,Male,10-17,,White,,,,,
Person search,2025-02-22T22:24:32+00:00,,,51.426500,-2.564919,Male,10-17,Other ethnic group - Not stated,White,Police and Criminal Evidence Act 1984 (section 1),Article for use in theft,Community resolution,,False
Person search,2025-02-22T22:24:32+00:00,,,51.426500,-2.564919,Male,10-17,Other ethnic group - Not stated,,Police and Criminal Evidence Act 1984 (section 1),Article for use in theft,A no further action disposal,,False
Person search,2025-02-22T23:36:22+00:00,,,51.453161,-2.600924,Male,18-24,White - English/Welsh/Scottish/Northern Irish/British,White,Misuse of Drugs Act 1971 (section 23),Controlled drugs,A no further action disposal,True,False
Person search,2025-02-22T23:44:02+00:00,,,51.383464,-2.369478,Male,25-34,White - English/Welsh/Scottish/Northern Irish/British,White,Police and Criminal Evidence Act 1984 (section 1),Stolen goods,Arrest,False,False
Vehicle search,2025-02-23T00:00:00+00:00,,,,,,,,,Misuse of Drugs Act 1971 (section 23),Controlled drugs,A no further action disposal,True,
Person and Vehicle search,2025-02-23T00:23:17+00:00,,,51.493273,-2.649764,Male,over 34,White - English/Welsh/Scottish/Northern Irish/British,White,Misuse of Drugs Act 1971 (section 23),Controlled drugs,A no further action disposal,,False
Person and Vehicle search,2025-02-23T00:23:17+00:00,,,51.493273,-2.649764,Male,over 34,White - English/Welsh/Scottish/Northern Irish/British,White,Misuse of Drugs Act 1971 (section 23),Controlled drugs,A no further action disposal,,False
Person search,2025-02-23T00:40:32+00:00,,,51.455153,-2.603613,Male,over 34,White - English/Welsh/Scottish/Northern Irish/British,White,Misuse of Drugs Act 1971 (section 23),Controlled drugs,A no further action disposal,True,False
Person search,2025-02-23T01:24:07+00:00,,,50.935356,-2.633732,Male,25-34,Other ethnic group - Not stated,,Police and Criminal Evidence Act 1984 (section 1),Offensive weapons,A no further action disposal,,False
Person and Vehicle search,2025-02-23T02:05:47+00:00,,,51.455363,-2.604753,Male,25-34,Asian/Asian British - Pakistani,Asian,Misuse of Drugs Act 1971 (section 23),Controlled drugs,A no further action disposal,,False
Person search,2025-02-23T02:30:03+00:00,,,51.347233,-2.975759,Male,,Other ethnic group - Not stated,White,Misuse of Drugs Act 1971 (section 23),Controlled drugs,A no further action disposal,,False
Person and Vehicle search,2025-02-23T04:29:47+00:00,,,,,Female,over 34,White - English/Welsh/Scottish/Northern Irish/British,White,Misuse of Drugs Act 1971 (section 23),Controlled drugs,Arrest,True,False
Person search,2025-02-23T09:17:02+00:00,,,51.459122,-2.594036,Male,over 34,Other ethnic group - Not stated,White,Police and Criminal Evidence Act 1984 (section 1),Offensive weapons,A no further action disposal,,False
Person search,2025-02-23T12:15:03+00:00,,,,,Male,,,,Misuse of Drugs Act 1971 (section 23),Controlled drugs,A no further action disposal,,False
Person search,2025-02-23T12:15:03+00:00,,,,,Male,,Other ethnic group - Not stated,Black,Misuse of Drugs Act 1971 (section 23),Controlled drugs,A no further action disposal,,False
Person search,2025-02-23T14:01:57+00:00,,,51.439083,-2.535566,Male,18-24,Black/African/Caribbean/Black British - African,Black,Misuse of Drugs Act 1971 (section 23),Controlled drugs,A no further action disposal,,False
Person search,2025-02-23T14:01:57+00:00,,,51.439083,-2.535566,Male,over 34,Black/African/Caribbean/Black British - African,Black,Misuse of Drugs Act 1971 (section 23),Controlled drugs,A no further action disposal,,False
Person search,2025-02-23T14:01:57+00:00,,,51.439083,-2.535566,Male,25-34,Black/African/Caribbean/Black British - African,Mixed,Misuse of Drugs Act 1971 (section 23),Controlled drugs,A no further action disposal,,False
Person search,2025-02-23T14:33:47+00:00,,,51.199863,-3.460845,Male,over 34,White - Any other White background,White,Police and Criminal Evidence Act 1984 (section 1),Offensive weapons,A no further action disposal,,False
Person search,2025-02-23T15:53:12+00:00,,,,,Male,25-34,,,,,,,
Person search,2025-02-23T16:21:57+00:00,,,50.872316,-2.961229,Male,25-34,White - English/Welsh/Scottish/Northern Irish/British,White,Misuse of Drugs Act 1971 (section 23),Controlled drugs,A no further action disposal,,False
Person search,2025-02-23T18:15:22+00:00,,,50.953989,-2.622807,,,Other ethnic group - Not stated,White,Police and Criminal Evidence Act 1984 (section 1),Offensive weapons,A no further action disposal,,False
Person search,2025-02-23T18:15:22+00:00,,,50.953501,-2.616436,Male,10-17,Other ethnic group - Not stated,Mixed,Police and Criminal Evidence Act 1984 (section 1),Offensive weapons,A no further action disposal,,False
Person search,2025-02-23T18:15:22+00:00,,,50.953989,-2.622807,Male,10-17,White - English/Welsh/Scottish/Northern Irish/British,White,Police and Criminal Evidence Act 1984 (section 1),Offensive weapons,A no further action disposal,False,False
Person search,2025-02-23T19:04:17+00:00,,,51.380360,-2.361335,Male,over 34,White - Any other White background,White,Misuse of Drugs Act 1971 (section 23),Controlled drugs,A no further action disposal,,False
Person search,2025-02-23T20:17:27+00:00,,,51.453117,-2.590288,Female,,Other ethnic group - Not stated,Mixed,Police and Criminal Evidence Act 1984 (section 1),Offensive weapons,A no further action disposal,,False
Person search,2025-02-23T20:17:27+00:00,,,51.453117,-2.590288,Male,18-24,White - English/Welsh/Scottish/Northern Irish/British,White,Police and Criminal Evidence Act 1984 (section 1),Offensive weapons,A no further action disposal,,False
Person search,2025-02-23T20:17:27+00:00,,,51.453117,-2.590288,Female,,Other ethnic group - Not stated,White,Police and Criminal Evidence Act 1984 (section 1),Offensive weapons,A no further action disposal,,False
Person search,2025-02-23T20:17:27+00:00,,,51.453117,-2.590288,Male,10-17,Other ethnic group - Not stated,Mixed,Police and Criminal Evidence Act 1984 (section 1),Offensive weapons,A no further action disposal,,False
Person search,2025-02-23T20:17:27+00:00,,,,,Male,18-24,,,,,,,
Vehicle search,2025-02-24T00:00:00+00:00,,,51.497922,-2.597364,,,,,Misuse of Drugs Act 1971 (section 23),Controlled drugs,,,
Person and Vehicle search,2025-02-24T01:51:27+00:00,,,51.509419,-2.162847,Male,25-34,White - Any other White background,White,Misuse of Drugs Act 1971 (section 23),Controlled drugs,Arrest,False,False
Person search,2025-02-24T15:53:54+00:00,,,51.458925,-2.568471,Male,18-24,Other ethnic group - Not stated,Black,Misuse of Drugs Act 1971 (section 23),Controlled drugs,,,False
Person search,2025-02-24T15:53:54+00:00,,,51.458925,-2.568471,Male,,Other ethnic group - Not stated,Black,Misuse of Drugs Act 1971 (section 23),Controlled drugs,,,False
Person search,2025-02-24T15:53:54+00:00,,,51.458925,-2.568471,Male,18-24,Other ethnic group - Not stated,Black,Misuse of Drugs Act 1971 (section 23),Controlled drugs,Khat or Cannabis warning,True,False
Person search,2025-02-24T17:30:39+00:00,,,51.460376,-2.558428,Male,18-24,Asian/Asian British - Pakistani,Asian,Misuse of Drugs Act 1971 (section 23),Controlled drugs,Arrest,True,False
Person search,2025-02-24T17:34:02+00:00,,,51.345554,-2.980863,Female,18-24,,,Misuse of Drugs Act 1971 (section 23),Controlled drugs,Community resolution,True,False
Person and Vehicle search,2025-02-24T18:26:17+00:00,,,51.373056,-2.400814,Male,18-24,White - English/Welsh/Scottish/Northern Irish/British,White,Misuse of Drugs Act 1971 (section 23),Controlled drugs,Arrest,,False
Person and Vehicle search,2025-02-24T18:26:17+00:00,,,51.373056,-2.400814,Male,18-24,White - English/Welsh/Scottish/Northern Irish/British,White,Misuse of Drugs Act 1971 (section 23),Controlled drugs,Arrest,,False
Person search,2025-02-24T20:26:31+00:00,,,51.535361,-2.547956,Female,10-17,White - English/Welsh/Scottish/Northern Irish/British,White,Police and Criminal Evidence Act 1984 (section 1),Article for use in theft,A no further action disposal,True,False
Person and Vehicle search,2025-02-24T23:12:32+00:00,,,,,Male,over 34,Other ethnic group - Not stated,Mixed,Misuse of Drugs Act 1971 (section 23),Controlled drugs,A no further action disposal,,False
Vehicle search,2025-02-25T00:00:00+00:00,,,50.948592,-2.926644,,,,,Police and Criminal Evidence Act 1984 (section 1),Article for use in theft,Arrest,True,
Person search,2025-02-25T00:31:12+00:00,,,51.348208,-2.980762,Male,25-34,Other ethnic group - Not stated,White,Police and Criminal Evidence Act 1984 (section 1),Article for use in theft,A no further action disposal,,False
Person search,2025-02-25T00:38:08+00:00,,,51.447366,-2.584113,Male,over 34,Other ethnic group - Not stated,Black,Police and Criminal Evidence Act 1984 (section 1),Offensive weapons,Arrest,True,False
Person search,2025-02-25T00:56:58+00:00,,,51.115111,-3.012591,Male,10-17,White - English/Welsh/Scottish/Northern Irish/British,White,Police and Criminal Evidence Act 1984 (section 1),Offensive weapons,A no further action disposal,False,False
Person and Vehicle search,2025-02-25T01:13:12+00:00,,,51.425024,-2.567259,Male,18-24,White - Any other White background,White,Misuse of Drugs Act 1971 (section 23),Controlled drugs,A no further action disposal,,False
Person and Vehicle search,2025-02-25T01:13:12+00:00,,,51.425024,-2.567259,Male,,,,Misuse of Drugs Act 1971 (section 23),Controlled drugs,A no further action disposal,,False
Person and Vehicle search,2025-02-25T01:19:12+00:00,,,51.465942,-2.573352,Male,18-24,Other ethnic group - Not stated,Other,Misuse of Drugs Act 1971 (section 23),Controlled drugs,Khat or Cannabis warning,True,False
Person and Vehicle search,2025-02-25T01:19:12+00:00,,,51.465942,-2.573352,Male,,Other ethnic group - Not stated,Other,Misuse of Drugs Act 1971 (section 23),Controlled drugs,A no further action disposal,,False
Person and Vehicle search,2025-02-25T01:55:42+00:00,,,51.490812,-2.676375,Female,over 34,Other ethnic group - Not stated,,Misuse of Drugs Act 1971 (section 23),Controlled drugs,Arrest,True,False
Person and Vehicle search,2025-02-25T01:55:42+00:00,,,51.504977,-2.647193,,over 34,White - English/Welsh/Scottish/Northern Irish/British,White,Misuse of Drugs Act 1971 (section 23),Controlled drugs,A no further action disposal,,False
Person and Vehicle search,2025-02-25T01:55:42+00:00,,,51.490812,-2.676375,Male,over 34,White - English/Welsh/Scottish/Northern Irish/British,White,Misuse of Drugs Act 1971 (section 23),Controlled drugs,A no further action disposal,True,False
Person search,2025-02-25T03:35:00+00:00,,,51.137086,-2.983371,Male,,,,,,,,
Person search,2025-02-25T03:39:42+00:00,,,51.137086,-2.983371,Male,,White - Any other White background,White,Police and Criminal Evidence Act 1984 (section 1),Offensive weapons,A no further action disposal,,False
Person search,2025-02-25T04:33:41+00:00,,,51.504977,-2.647193,,over 34,White - Any other White background,White,Misuse of Drugs Act 1971 (section 23),Controlled drugs,Khat or Cannabis warning,True,False
Person search,2025-02-25T05:35:00+00:00,,,51.473121,-2.557705,Male,25-34,Black/African/Caribbean/Black British - African,Other,Misuse of Drugs Act 1971 (section 23),Controlled drugs,Khat or Cannabis warning,True,False
Person search,2025-02-25T13:56:04+00:00,,,51.527177,-2.597305,Male,25-34,White - English/Welsh/Scottish/Northern Irish/British,White,Police and Criminal Evidence Act 1984 (section 1),Stolen goods,Community resolution,False,False
Person search,2025-02-25T15:28:23+00:00,,,51.385772,-2.364467,Male,10-17,White - English/Welsh/Scottish/Northern Irish/British,White,Misuse of Drugs Act 1971 (section 23),Controlled drugs,A no further action disposal,,False
Person search,2025-02-25T15:28:23+00:00,,,51.385772,-2.364467,Male,18-24,Black/African/Caribbean/Black British - Caribbean,Black,Misuse of Drugs Act 1971 (section 23),Controlled drugs,A no further action disposal,,True
Person search,2025-02-25T15:28:23+00:00,,,,,Male,10-17,,,,,,,
Person search,2025-02-25T16:20:08+00:00,,,,,Male,25-34,Other ethnic group - Not stated,Mixed,Police and Criminal Evidence Act 1984 (section 1),Offensive weapons,A no further action disposal,,False
Person search,2025-02-25T16:55:29+00:00,,,,,Female,over 34,White - English/Welsh/Scottish/Northern Irish/British,White,Police and Criminal Evidence Act 1984 (section 1),Article for use in theft,Summons / charged by post,False,False
Person search,2025-02-25T17:12:24+00:00,,,,,Male,25-34,,,,,,,
Person search,2025-02-25T17:12:24+00:00,,,,,Male,18-24,,,Police and Criminal Evidence Act 1984 (section 1),Offensive weapons,Arrest,,True
Person and Vehicle search,2025-02-25T19:09:03+00:00,,,51.509492,-2.621968,Female,25-34,White - English/Welsh/Scottish/Northern Irish/British,White,Misuse of Drugs Act 1971 (section 23),Controlled drugs,A no further action disposal,,False
Person search,2025-02-25T21:00:18+00:00,,,51.506619,-2.629594,Male,over 34,Mixed/Multiple ethnic groups - White and Black Caribbean,Black,Misuse of Drugs Act 1971 (section 23),Controlled drugs,Arrest,True,False
Person search,2025-02-25T21:12:48+00:00,,,51.351869,-2.385350,Male,10-17,White - English/Welsh/Scottish/Northern Irish/British,White,Misuse of Drugs Act 1971 (section 23),Controlled drugs,A no further action disposal,,False
Person search,2025-02-25T21:46:29+00:00,,,51.457742,-2.569608,Female,over 34,White - English/Welsh/Scottish/Northern Irish/British,White,Misuse of Drugs Act 1971 (section 23),Controlled drugs,A no further action disposal,,False
Person search,2025-02-25T21:46:29+00:00,,,51.457742,-2.569608,Male,over 34,White - English/Welsh/Scottish/Northern Irish/British,White,Misuse of Drugs Act 1971 (section 23),Controlled drugs,Arrest,True,True
Person and Vehicle search,2025-02-25T21:53:48+00:00,,,51.413710,-2.612370,Female,over 34,Other ethnic group - Not stated,,Police and Criminal Evidence Act 1984 (section 1),Offensive weapons,A no further action disposal,,False
Person and Vehicle search,2025-02-25T21:53:48+00:00,,,51.413710,-2.612370,Female,25-34,White - English/Welsh/Scottish/Northern Irish/British,White,Police and Criminal Evidence Act 1984 (section 1),Anything to threaten or harm anyone,A no further action disposal,,False
Person search,2025-02-25T22:04:26+00:00,,,,,,,,,,,,,
Person search,2025-02-25T22:04:26+00:00,,,,,Male,10-17,,,,,,,
Person search,2025-02-25T22:04:26+00:00,,,,,Male,10-17,,,,,,,
Vehicle search,2025-02-26T00:00:00+00:00,,,51.656652,-2.427867,,,,,Misuse of Drugs Act 1971 (section 23),Controlled drugs,Arrest,True,
Person and Vehicle search,2025-02-26T01:50:33+00:00,,,51.466721,-2.570353,Male,25-34,Black/African/Caribbean/Black British - African,Black,Misuse of Drugs Act 1971 (section 23),Controlled drugs,A no further action disposal,,False
Person search,2025-02-26T02:06:53+00:00,,,51.481462,-2.515138,Male,10-17,Mixed/Multiple ethnic groups - White and Black Caribbean,Black,Misuse of Drugs Act 1971 (section 23),Controlled drugs,A no further action disposal,True,False
Person and Vehicle search,2025-02-26T03:30:43+00:00,,,51.656652,-2.427867,Male,18-24,Other ethnic group - Not stated,Black,Misuse of Drugs Act 1971 (section 23),Controlled drugs,A no further action disposal,,False
Person and Vehicle search,2025-02-26T03:30:43+00:00,,,51.656652,-2.427867,Male,18-24,Other ethnic group - Not stated,Other,Misuse of Drugs Act 1971 (section 23),Controlled drugs,A no further action disposal,,False
Person search,2025-02-26T04:11:53+00:00,,,51.381638,-2.399797,Male,18-24,Mixed/Multiple ethnic groups - Any other Mixed/Multiple ethnic background,White,Misuse of Drugs Act 1971 (section 23),Controlled drugs,A no further action disposal,,False
Person search,2025-02-26T05:01:38+00:00,,,51.333347,-2.979354,Male,over 34,Other ethnic group - Not stated,White,Police and Criminal Evidence Act 1984 (section 1),Stolen goods,A no further action disposal,,False
Person search,2025-02-26T07:12:08+00:00,,,51.457668,-2.586303,Male,over 34,White - English/Welsh/Scottish/Northern Irish/British,White,Police and Criminal Evidence Act 1984 (section 1),Stolen goods,Community resolution,,False
Person search,2025-02-26T10:24:03+00:00,,,51.459290,-2.576637,Male,,Other ethnic group - Not stated,Black,Police and Criminal Evidence Act 1984 (section 1),Offensive weapons,A no further action disposal,,False
Person search,2025-02-26T12:45:38+00:00,,,51.128047,-2.994239,Male,over 34,White - English/Welsh/Scottish/Northern Irish/British,White,Police and Criminal Evidence Act 1984 (section 1),Stolen goods,A no further action disposal,,False
Person search,2025-02-26T12:45:38+00:00,,,51.128047,-2.994239,Male,over 34,Other ethnic group - Not stated,White,Police and Criminal Evidence Act 1984 (section 1),Stolen goods,A no further action disposal,,False
Person search,2025-02-26T16:48:59+00:00,,,,,Male,10-17,,,,,,,
Person and Vehicle search,2025-02-26T19:45:48+00:00,,,,,Male,25-34,Other ethnic group - Not stated,,Police and Criminal Evidence Act 1984 (section 1),Offensive weapons,Community resolution,,False
Person and Vehicle search,2025-02-26T19:45:48+00:00,,,,,Female,25-34,White - English/Welsh/Scottish/Northern Irish/British,White,Police and Criminal Evidence Act 1984 (section 1),Offensive weapons,Community resolution,,False
Person search,2025-02-26T22:11:48+00:00,,,,,Male,over 34,White - English/Welsh/Scottish/Northern Irish/British,White,Police and Criminal Evidence Act 1984 (section 1),Offensive weapons,A no further action disposal,,False
Person and Vehicle search,2025-02-26T22:15:33+00:00,,,51.124936,-2.995187,Male,18-24,Other ethnic group - Not stated,White,Misuse of Drugs Act 1971 (section 23),Controlled drugs,Arrest,True,True
Person and Vehicle search,2025-02-26T22:15:33+00:00,,,51.124936,-2.995187,Male,18-24,Other ethnic group - Not stated,White,Misuse of Drugs Act 1971 (section 23),Controlled drugs,Arrest,True,True
Person search,2025-02-26T22:16:19+00:00,,,51.193228,-2.549080,Male,18-24,White - English/Welsh/Scottish/Northern Irish/British,White,Police and Criminal Evidence Act 1984 (section 1),Offensive weapons,Arrest,True,False
Person search,2025-02-26T22:33:15+00:00,,,51.513268,-2.520599,Male,25-34,Black/African/Caribbean/Black British - Any other Black/African/Caribbean background,Black,Misuse of Drugs Act 1971 (section 23),Controlled drugs,A no further action disposal,,True
Person search,2025-02-27T00:10:53+00:00,,,51.431975,-2.546214,Male,over 34,White - English/Welsh/Scottish/Northern Irish/British,White,Police and Criminal Evidence Act 1984 (section 1),Offensive weapons,A no further action disposal,,False
Person search,2025-02-27T04:21:13+00:00,,,51.448096,-2.497083,Male,10-17,White - English/Welsh/Scottish/Northern Irish/British,White,Police and Criminal Evidence Act 1984 (section 1),Offensive weapons,A no further action disposal,,False
Person search,2025-02-27T11:30:48+00:00,,,51.345440,-2.933264,Female,25-34,Other ethnic group - Not stated,White,Police and Criminal Evidence Act 1984 (section 1),Stolen goods,Arrest,True,False
Person search,2025-02-27T12:16:08+00:00,,,51.457175,-2.593248,Male,over 34,White - Any other White background,White,Police and Criminal Evidence Act 1984 (section 1),Offensive weapons,Community resolution,True,False
Person search,2025-02-27T14:44:23+00:00,,,51.460572,-2.573702,Male,18-24,,,Misuse of Drugs Act 1971 (section 23),Controlled drugs,Arrest,,False
Person search,2025-02-27T16:16:03+00:00,,,,,Male,18-24,White - English/Welsh/Scottish/Northern Irish/British,White,Misuse of Drugs Act 1971 (section 23),Controlled drugs,A no further action disposal,,False
Person search,2025-02-27T16:16:03+00:00,,,,,Male,18-24,Black/African/Caribbean/Black British - African,Black,Misuse of Drugs Act 1971 (section 23),Controlled drugs,A no further action disposal,,False
Person search,2025-02-27T16:52:26+00:00,,,51.465759,-2.586766,Male,over 34,Black/African/Caribbean/Black British - African,Black,Misuse of Drugs Act 1971 (section 23),Controlled drugs,Community resolution,True,True
Person search,2025-02-27T16:54:53+00:00,,,,,Male,over 34,Black/African/Caribbean/Black British - Any other Black/African/Caribbean background,Black,,,,,
Person search,2025-02-27T17:09:04+00:00,,,51.027974,-3.121961,Male,18-24,,Other,Misuse of Drugs Act 1971 (section 23),Controlled drugs,Arrest,True,False
Person search,2025-02-27T17:52:28+00:00,,,51.458210,-2.587749,Male,10-17,White - English/Welsh/Scottish/Northern Irish/British,White,Misuse of Drugs Act 1971 (section 23),Controlled drugs,Community resolution,True,False
Person and Vehicle search,2025-02-27T18:05:03+00:00,,,50.986143,-3.200351,Male,25-34,White - Any other White background,White,Misuse of Drugs Act 1971 (section 23),Controlled drugs,Arrest,True,False
Person search,2025-02-27T23:32:53+00:00,,,51.321444,-2.970375,Male,18-24,Other ethnic group - Not stated,White,Police and Criminal Evidence Act 1984 (section 1),Anything to threaten or harm anyone,A no further action disposal,True,False
Person search,2025-02-28T01:04:38+00:00,,,51.399842,-2.515701,Male,over 34,White - English/Welsh/Scottish/Northern Irish/British,White,Misuse of Drugs Act 1971 (section 23),Controlled drugs,A no further action disposal,,False
Person search,2025-02-28T01:04:38+00:00,,,51.399842,-2.515701,Male,18-24,Other ethnic group - Not stated,White,Misuse of Drugs Act 1971 (section 23),Controlled drugs,Arrest,True,False
Person search,2025-02-28T01:04:38+00:00,,,51.399842,-2.515701,Male,25-34,White - English/Welsh/Scottish/Northern Irish/British,White,Misuse of Drugs Act 1971 (section 23),Controlled drugs,A no further action disposal,True,False
Person search,2025-02-28T02:03:13+00:00,,,,,Male,18-24,Black/African/Caribbean/Black British - African,Black,Misuse of Drugs Act 1971 (section 23),Controlled drugs,A no further action disposal,,True
Person search,2025-02-28T09:42:13+00:00,,,51.143224,-2.726960,Male,over 34,White - English/Welsh/Scottish/Northern Irish/British,White,Police and Criminal Evidence Act 1984 (section 1),Stolen goods,A no further action disposal,,False
Person search,2025-02-28T13:52:25+00:00,,,,,Male,over 34,White - English/Welsh/Scottish/Northern Irish/British,White,Misuse of Drugs Act 1971 (section 23),Controlled drugs,A no further action disposal,,False
Person search,2025-02-28T15:10:51+00:00,,,,,Female,over 34,White - English/Welsh/Scottish/Northern Irish/British,White,Police and Criminal Evidence Act 1984 (section 1),Stolen goods,Summons / charged by post,True,False
Person search,2025-02-28T16:34:18+00:00,,,51.525605,-2.595396,Male,over 34,White - English/Welsh/Scottish/Northern Irish/British,White,Police and Criminal Evidence Act 1984 (section 1),Article for use in theft,Summons / charged by post,True,False
Person search,2025-02-28T17:00:54+00:00,,,51.505713,-2.603561,Male,18-24,White - English/Welsh/Scottish/Northern Irish/British,White,Misuse of Drugs Act 1971 (section 23),Controlled drugs,Community resolution,True,False
Person search,2025-02-28T17:00:54+00:00,,,51.505713,-2.603561,Male,over 34,White - English/Welsh/Scottish/Northern Irish/British,White,Misuse of Drugs Act 1971 (section 23),Controlled drugs,Community resolution,True,False
Person search,2025-02-28T17:00:54+00:00,,,51.505713,-2.603561,Male,18-24,White - English/Welsh/Scottish/Northern Irish/British,White,Misuse of Drugs Act 1971 (section 23),Controlled drugs,Community resolution,True,False
Person search,2025-02-28T19:03:03+00:00,,,51.019123,-3.105180,Male,18-24,White - Any other White background,White,Misuse of Drugs Act 1971 (section 23),Controlled drugs,Arrest,True,False
Person search,2025-02-28T19:03:03+00:00,,,51.019123,-3.105180,Female,18-24,White - English/Welsh/Scottish/Northern Irish/British,White,Misuse of Drugs Act 1971 (section 23),Controlled drugs,Arrest,,True
Person search,2025-02-28T19:19:58+00:00,,,51.544062,-2.425157,Male,over 34,Other ethnic group - Not stated,White,Police and Criminal Evidence Act 1984 (section 1),Offensive weapons,A no further action disposal,,False
Person search,2025-02-28T21:23:18+00:00,,,51.511918,-2.608643,Male,18-24,,,Misuse of Drugs Act 1971 (section 23),Controlled drugs,A no further action disposal,,True
Person search,2025-02-28T21:23:18+00:00,,,51.511905,-2.633111,Male,10-17,White - English/Welsh/Scottish/Northern Irish/British,White,Misuse of Drugs Act 1971 (section 23),Controlled drugs,A no further action disposal,,False
Person search,2025-02-28T21:23:18+00:00,,,51.511918,-2.608643,Female,25-34,White - English/Welsh/Scottish/Northern Irish/British,White,Misuse of Drugs Act 1971 (section 23),Controlled drugs,A no further action disposal,,True
Person search,2025-02-28T21:23:18+00:00,,,51.511918,-2.608643,Male,18-24,White - English/Welsh/Scottish/Northern Irish/British,White,Misuse of Drugs Act 1971 (section 23),Controlled drugs,Community resolution,,True
Person search,2025-02-28T21:30:00+00:00,,,51.449383,-2.583621,Male,,White - English/Welsh/Scottish/Northern Irish/British,White,Police and Criminal Evidence Act 1984 (section 1),Offensive weapons,A no further action disposal,,False
Person search,2025-02-28T22:09:43+00:00,,,,,Male,18-24,White - English/Welsh/Scottish/Northern Irish/British,White,Misuse of Drugs Act 1971 (section 23),Controlled drugs,Khat or Cannabis warning,True,False
Person search,2025-02-28T22:59:01+00:00,,,,,Male,18-24,White - English/Welsh/Scottish/Northern Irish/British,White,Misuse of Drugs Act 1971 (section 23),Controlled drugs,Khat or Cannabis warning,True,False
Person search,2025-02-28T23:00:08+00:00,,,51.127566,-3.006319,Male,,Other ethnic group - Not stated,White,Misuse of Drugs Act 1971 (section 23),Controlled drugs,A no further action disposal,,False
Person search,2025-02-28T23:41:51+00:00,,,51.503265,-2.603361,Male,25-34,White - English/Welsh/Scottish/Northern Irish/British,White,Misuse of Drugs Act 1971 (section 23),Controlled drugs,A no further action disposal,,False
Person search,2025-02-28T23:41:51+00:00,,,,,Male,25-34,White - English/Welsh/Scottish/Northern Irish/British,White,,,,,
Person search,2025-02-28T23:49:40+00:00,,,,,Female,10-17,White - English/Welsh/Scottish/Northern Irish/British,White,Misuse of Drugs Act 1971 (section 23),Controlled drugs,A no further action disposal,,False
Person search,2025-02-28T23:49:40+00:00,,,,,Male,18-24,White - English/Welsh/Scottish/Northern Irish/British,White,Misuse of Drugs Act 1971 (section 23),Controlled drugs,A no further action disposal,,False
